CONTINENT,REGION,WHO_REGION,ADMIN0,ADMIN0ID,ADMIN0_FIP,ADMIN0ISO2,ADMIN0ISO3,ADMIN1,ADMIN1ID,ADMIN2,ADMIN2ID,Alt_ADMIN2,ADMIN3,ADMIN3ID,IUs_ADM,IUs_NAME,IU_ID,IU_CODE,Year,Endemicity,TargetPop,PopReq,PopTrg,PopTreat,Cov,PC,EffPC,PC_n,EffPC_n,EpiCov,EpiPC,EpiEffPC,EpiPC_n,EpiEffPC_n,MDA_scheme,Endemicity_ID
Africa,Eastern Africa,AFRO,Madagascar,26,MA,MG,MDG,Alaotra Mango-ro,2861,Alaotra Mangoro,0,,Ambatondrazaka,27833,ADM3,Ambatondrazaka,27833,MDG0286127833,2014,High prevalence (50% and above),PreSAC,54841,54841,39389,71.82,1,0,1,0,71,1,0,1,0,ALB+DEC,6
Africa,Eastern Africa,AFRO,Madagascar,26,MA,MG,MDG,Alaotra Mango-ro,2861,Alaotra Mangoro,0,,Ambatondrazaka,27833,ADM3,Ambatondrazaka,27833,MDG0286127833,2014,High prevalence (50% and above),SAC,94259,94259,67699,71.82,1,0,1,0,71,1,0,1,0,ALB+DEC,6
Africa,Eastern Africa,AFRO,Madagascar,26,MA,MG,MDG,Alaotra Mango-ro,2861,Alaotra Mangoro,0,,Ambatondrazaka,27833,ADM3,Ambatondrazaka,27833,MDG0286127833,2014,High prevalence (50% and above),Total,149100,149100,107088,71.82,1,0,1,0,71,1,0,1,0,ALB+DEC,6
Africa,Eastern Africa,AFRO,Madagascar,26,MA,MG,MDG,Alaotra Mango-ro,2861,Alaotra Mangoro,0,,Amparafaravola,27834,ADM3,Amparafaravola,27834,MDG0286127834,2014,High prevalence (50% and above),PreSAC,45214,45214,24737,54.71,1,0,1,0,54,1,0,1,0,ALB+DEC,6
Africa,Eastern Africa,AFRO,Madagascar,26,MA,MG,MDG,Alaotra Mango-ro,2861,Alaotra Mangoro,0,,Amparafaravola,27834,ADM3,Amparafaravola,27834,MDG0286127834,2014,High prevalence (50% and above),SAC,77711,77711,42517,54.71,1,0,1,0,54,1,0,1,0,ALB+DEC,6
Africa,Eastern Africa,AFRO,Madagascar,26,MA,MG,MDG,Alaotra Mango-ro,2861,Alaotra Mangoro,0,,Amparafaravola,27834,ADM3,Amparafaravola,27834,MDG0286127834,2014,High prevalence (50% and above),Total,122925,122925,67254,54.71,1,0,1,0,54,1,0,1,0,ALB+DEC,6
Africa,Eastern Africa,AFRO,Madagascar,26,MA,MG,MDG,Alaotra Mango-ro,2861,Alaotra Mangoro,0,,Andilamena,27835,ADM3,Andilamena,27835,MDG0286127835,2014,Low prevalence (less than 20%),PreSAC,11915,11915,7026,58.97,1,0,1,0,58,1,0,1,0,ALB+DEC,8
Africa,Eastern Africa,AFRO,Madagascar,26,MA,MG,MDG,Alaotra Mango-ro,2861,Alaotra Mangoro,0,,Andilamena,27835,ADM3,Andilamena,27835,MDG0286127835,2014,Low prevalence (less than 20%),SAC,20479,20479,12076,58.97,1,0,1,0,58,1,0,1,0,ALB+DEC,8
Africa,Eastern Africa,AFRO,Madagascar,26,MA,MG,MDG,Alaotra Mango-ro,2861,Alaotra Mangoro,0,,Andilamena,27835,ADM3,Andilamena,27835,MDG0286127835,2014,Low prevalence (less than 20%),Total,32394,32394,19102,58.97,1,0,1,0,58,1,0,1,0,ALB+DEC,8
Africa,Eastern Africa,AFRO,Madagascar,26,MA,MG,MDG,Alaotra Mango-ro,2861,Alaotra Mangoro,0,,Anosibe An'Ala,27836,ADM3,Anosibe An'Ala,27836,MDG0286127836,2014,High prevalence (50% and above),PreSAC,15071,15071,13319,88.38,1,1,1,1,88,1,1,1,1,ALB+DEC,6
Africa,Eastern Africa,AFRO,Madagascar,26,MA,MG,MDG,Alaotra Mango-ro,2861,Alaotra Mangoro,0,,Anosibe An'Ala,27836,ADM3,Anosibe An'Ala,27836,MDG0286127836,2014,High prevalence (50% and above),SAC,25903,25903,22891,88.37,1,1,1,1,88,1,1,1,1,ALB+DEC,6
Africa,Eastern Africa,AFRO,Madagascar,26,MA,MG,MDG,Alaotra Mango-ro,2861,Alaotra Mangoro,0,,Anosibe An'Ala,27836,ADM3,Anosibe An'Ala,27836,MDG0286127836,2014,High prevalence (50% and above),Total,40974,40974,36210,88.37,1,1,1,1,88,1,1,1,1,ALB+DEC,6
Africa,Eastern Africa,AFRO,Madagascar,26,MA,MG,MDG,Alaotra Mango-ro,2861,Alaotra Mangoro,0,,Moramanga,27837,ADM3,Moramanga,27837,MDG0286127837,2014,High prevalence (50% and above),PreSAC,0,0,0,0.0,0,0,0,0,0,0,0,0,0,Not delivered,6
Africa,Eastern Africa,AFRO,Madagascar,26,MA,MG,MDG,Alaotra Mango-ro,2861,Alaotra Mangoro,0,,Moramanga,27837,ADM3,Moramanga,27837,MDG0286127837,2014,High prevalence (50% and above),SAC,0,0,0,0.0,0,0,0,0,0,0,0,0,0,Not delivered,6
Africa,Eastern Africa,AFRO,Madagascar,26,MA,MG,MDG,Alaotra Mango-ro,2861,Alaotra Mangoro,0,,Moramanga,27837,ADM3,Moramanga,27837,MDG0286127837,2014,High prevalence (50% and above),Total,0,0,0,0.0,0,0,0,0,0,0,0,0,0,Not delivered,6
Africa,Eastern Africa,AFRO,Madagascar,26,MA,MG,MDG,Amoronâ€™iMania,2862,Amoron'i Mania,0,,Ambatofinandrahana,27838,ADM3,Ambatofinandrahana,27838,MDG0286227838,2014,Low prevalence (less than 20%),PreSAC,26266,26266,19737,75.14,1,1,1,1,75,1,1,1,1,ALB+DEC,8
Africa,Eastern Africa,AFRO,Madagascar,26,MA,MG,MDG,Amoronâ€™iMania,2862,Amoron'i Mania,0,,Ambatofinandrahana,27838,ADM3,Ambatofinandrahana,27838,MDG0286227838,2014,Low prevalence (less than 20%),SAC,45145,45145,55061,121.96,1,1,1,1,121,1,1,1,1,ALB+DEC,8
Africa,Eastern Africa,AFRO,Madagascar,26,MA,MG,MDG,Amoronâ€™iMania,2862,Amoron'i Mania,0,,Ambatofinandrahana,27838,ADM3,Ambatofinandrahana,27838,MDG0286227838,2014,Low prevalence (less than 20%),Total,71411,71411,74798,104.74,1,1,1,1,104,1,1,1,1,ALB+DEC,8
Africa,Eastern Africa,AFRO,Madagascar,26,MA,MG,MDG,Amoronâ€™iMania,2862,Amoron'i Mania,0,,Ambositra,27839,ADM3,Ambositra,27839,MDG0286227839,2014,Low prevalence (less than 20%),PreSAC,44323,44323,37677,85.01,1,1,1,1,85,1,1,1,1,ALB+DEC,8
Africa,Eastern Africa,AFRO,Madagascar,26,MA,MG,MDG,Amoronâ€™iMania,2862,Amoron'i Mania,0,,Ambositra,27839,ADM3,Ambositra,27839,MDG0286227839,2014,Low prevalence (less than 20%),SAC,76181,76181,95742,125.68,1,1,1,1,125,1,1,1,1,ALB+DEC,8
Africa,Eastern Africa,AFRO,Madagascar,26,MA,MG,MDG,Amoronâ€™iMania,2862,Amoron'i Mania,0,,Ambositra,27839,ADM3,Ambositra,27839,MDG0286227839,2014,Low prevalence (less than 20%),Total,120504,120504,133419,110.72,1,1,1,1,110,1,1,1,1,ALB+DEC,8
Africa,Eastern Africa,AFRO,Madagascar,26,MA,MG,MDG,Amoronâ€™iMania,2862,Amoron'i Mania,0,,Fandriana,27840,ADM3,Fandriana,27840,MDG0286227840,2014,High prevalence (50% and above),PreSAC,34061,34061,29061,85.32,1,1,1,1,85,1,1,1,1,ALB+DEC,6
Africa,Eastern Africa,AFRO,Madagascar,26,MA,MG,MDG,Amoronâ€™iMania,2862,Amoron'i Mania,0,,Fandriana,27840,ADM3,Fandriana,27840,MDG0286227840,2014,High prevalence (50% and above),SAC,58543,58543,81412,139.06,1,1,1,1,139,1,1,1,1,ALB+DEC,6
Africa,Eastern Africa,AFRO,Madagascar,26,MA,MG,MDG,Amoronâ€™iMania,2862,Amoron'i Mania,0,,Fandriana,27840,ADM3,Fandriana,27840,MDG0286227840,2014,High prevalence (50% and above),Total,92604,92604,110473,119.3,1,1,1,1,119,1,1,1,1,ALB+DEC,6
Africa,Eastern Africa,AFRO,Madagascar,26,MA,MG,MDG,Amoronâ€™iMania,2862,Amoron'i Mania,0,,Manandriana,27841,ADM3,Manandriana,27841,MDG0286227841,2014,Low prevalence (less than 20%),PreSAC,0,0,0,0.0,0,0,0,0,0,0,0,0,0,PZQ+ALB/MBD,8
Africa,Eastern Africa,AFRO,Madagascar,26,MA,MG,MDG,Amoronâ€™iMania,2862,Amoron'i Mania,0,,Manandriana,27841,ADM3,Manandriana,27841,MDG0286227841,2014,Low prevalence (less than 20%),SAC,27758,27758,26618,95.89,1,1,1,1,95,1,1,1,1,PZQ+ALB/MBD,8
Africa,Eastern Africa,AFRO,Madagascar,26,MA,MG,MDG,Amoronâ€™iMania,2862,Amoron'i Mania,0,,Manandriana,27841,ADM3,Manandriana,27841,MDG0286227841,2014,Low prevalence (less than 20%),Total,27758,27758,26618,95.89,1,1,1,1,95,1,1,1,1,PZQ+ALB/MBD,8
Africa,Eastern Africa,AFRO,Madagascar,26,MA,MG,MDG,Analamanga,2863,Analamanga,0,,Ambohidratrimo,27842,ADM3,Ambohidratrimo,27842,MDG0286327842,2014,High prevalence (50% and above),PreSAC,67416,0,0,0.0,0,0,0,0,0,0,0,0,0,Not delivered,6
Africa,Eastern Africa,AFRO,Madagascar,26,MA,MG,MDG,Analamanga,2863,Analamanga,0,,Ambohidratrimo,27842,ADM3,Ambohidratrimo,27842,MDG0286327842,2014,High prevalence (50% and above),SAC,115870,0,0,0.0,0,0,0,0,0,0,0,0,0,Not delivered,6
Africa,Eastern Africa,AFRO,Madagascar,26,MA,MG,MDG,Analamanga,2863,Analamanga,0,,Ambohidratrimo,27842,ADM3,Ambohidratrimo,27842,MDG0286327842,2014,High prevalence (50% and above),Total,183286,0,0,0.0,0,0,0,0,0,0,0,0,0,Not delivered,6
Africa,Eastern Africa,AFRO,Madagascar,26,MA,MG,MDG,Analamanga,2863,Analamanga,0,,Andramasina,27843,ADM3,Andramasina,27843,MDG0286327843,2014,High prevalence (50% and above),PreSAC,0,0,0,0.0,0,0,0,0,0,0,0,0,0,ALB/MBD,6
Africa,Eastern Africa,AFRO,Madagascar,26,MA,MG,MDG,Analamanga,2863,Analamanga,0,,Andramasina,27843,ADM3,Andramasina,27843,MDG0286327843,2014,High prevalence (50% and above),SAC,49400,49400,36017,72.91,1,0,1,0,72,1,0,1,0,ALB/MBD,6
Africa,Eastern Africa,AFRO,Madagascar,26,MA,MG,MDG,Analamanga,2863,Analamanga,0,,Andramasina,27843,ADM3,Andramasina,27843,MDG0286327843,2014,High prevalence (50% and above),Total,49400,49400,36017,72.91,1,0,1,0,72,1,0,1,0,ALB/MBD,6
Africa,Eastern Africa,AFRO,Madagascar,26,MA,MG,MDG,Analamanga,2863,Analamanga,0,,Anjozorobe,27844,ADM3,Anjozorobe,27844,MDG0286327844,2014,Moderate prevalence (20%-49%),PreSAC,0,0,0,0.0,0,0,0,0,0,0,0,0,0,Not delivered,7
Africa,Eastern Africa,AFRO,Madagascar,26,MA,MG,MDG,Analamanga,2863,Analamanga,0,,Anjozorobe,27844,ADM3,Anjozorobe,27844,MDG0286327844,2014,Moderate prevalence (20%-49%),SAC,0,0,0,0.0,0,0,0,0,0,0,0,0,0,Not delivered,7
Africa,Eastern Africa,AFRO,Madagascar,26,MA,MG,MDG,Analamanga,2863,Analamanga,0,,Anjozorobe,27844,ADM3,Anjozorobe,27844,MDG0286327844,2014,Moderate prevalence (20%-49%),Total,0,0,0,0.0,0,0,0,0,0,0,0,0,0,Not delivered,7
Africa,Eastern Africa,AFRO,Madagascar,26,MA,MG,MDG,Analamanga,2863,Analamanga,0,,Ankazobe,27845,ADM3,Ankazobe,27845,MDG0286327845,2014,Low prevalence (less than 20%),PreSAC,0,0,0,0.0,0,0,0,0,0,0,0,0,0,Not delivered,8
Africa,Eastern Africa,AFRO,Madagascar,26,MA,MG,MDG,Analamanga,2863,Analamanga,0,,Ankazobe,27845,ADM3,Ankazobe,27845,MDG0286327845,2014,Low prevalence (less than 20%),SAC,0,0,0,0.0,0,0,0,0,0,0,0,0,0,Not delivered,8
Africa,Eastern Africa,AFRO,Madagascar,26,MA,MG,MDG,Analamanga,2863,Analamanga,0,,Ankazobe,27845,ADM3,Ankazobe,27845,MDG0286327845,2014,Low prevalence (less than 20%),Total,0,0,0,0.0,0,0,0,0,0,0,0,0,0,Not delivered,8
Africa,Eastern Africa,AFRO,Madagascar,26,MA,MG,MDG,Analamanga,2863,Analamanga,0,,Antananarivo Atsimondrano(Atsimondrano),27846,ADM3,Antananarivo Atsimondrano(Atsimondrano),27846,MDG0286327846,2014,High prevalence (50% and above),PreSAC,98864,0,0,0.0,0,0,0,0,0,0,0,0,0,ALB/MBD,6
Africa,Eastern Africa,AFRO,Madagascar,26,MA,MG,MDG,Analamanga,2863,Analamanga,0,,Antananarivo Atsimondrano(Atsimondrano),27846,ADM3,Antananarivo Atsimondrano(Atsimondrano),27846,MDG0286327846,2014,High prevalence (50% and above),SAC,169923,169923,120000,70.62,1,0,1,0,70,1,0,1,0,ALB/MBD,6
Africa,Eastern Africa,AFRO,Madagascar,26,MA,MG,MDG,Analamanga,2863,Analamanga,0,,Antananarivo Atsimondrano(Atsimondrano),27846,ADM3,Antananarivo Atsimondrano(Atsimondrano),27846,MDG0286327846,2014,High prevalence (50% and above),Total,268787,169923,120000,70.62,1,0,1,0,44,1,0,1,0,ALB/MBD,6
Africa,Eastern Africa,AFRO,Madagascar,26,MA,MG,MDG,Analamanga,2863,Analamanga,0,,Antananarivo Avaradrano(Avaradrano),27847,ADM3,Antananarivo Avaradrano(Avaradrano),27847,MDG0286327847,2014,High prevalence (50% and above),PreSAC,61249,0,0,0.0,0,0,0,0,0,0,0,0,0,ALB/MBD,6
Africa,Eastern Africa,AFRO,Madagascar,26,MA,MG,MDG,Analamanga,2863,Analamanga,0,,Antananarivo Avaradrano(Avaradrano),27847,ADM3,Antananarivo Avaradrano(Avaradrano),27847,MDG0286327847,2014,High prevalence (50% and above),SAC,105272,105272,74122,70.41,1,0,1,0,70,1,0,1,0,ALB/MBD,6
Africa,Eastern Africa,AFRO,Madagascar,26,MA,MG,MDG,Analamanga,2863,Analamanga,0,,Antananarivo Avaradrano(Avaradrano),27847,ADM3,Antananarivo Avaradrano(Avaradrano),27847,MDG0286327847,2014,High prevalence (50% and above),Total,166521,105272,74122,70.41,1,0,1,0,44,1,0,1,0,ALB/MBD,6
Africa,Eastern Africa,AFRO,Madagascar,26,MA,MG,MDG,Analamanga,2863,Analamanga,0,,Antananarivo Renivohitra(Renivohitra),27848,ADM3,Antananarivo Renivohitra(Renivohitra),27848,MDG0286327848,2014,High prevalence (50% and above),PreSAC,219474,0,0,0.0,0,0,0,0,0,0,0,0,0,Not delivered,6
Africa,Eastern Africa,AFRO,Madagascar,26,MA,MG,MDG,Analamanga,2863,Analamanga,0,,Antananarivo Renivohitra(Renivohitra),27848,ADM3,Antananarivo Renivohitra(Renivohitra),27848,MDG0286327848,2014,High prevalence (50% and above),SAC,377221,0,0,0.0,0,0,0,0,0,0,0,0,0,Not delivered,6
Africa,Eastern Africa,AFRO,Madagascar,26,MA,MG,MDG,Analamanga,2863,Analamanga,0,,Antananarivo Renivohitra(Renivohitra),27848,ADM3,Antananarivo Renivohitra(Renivohitra),27848,MDG0286327848,2014,High prevalence (50% and above),Total,596695,0,0,0.0,0,0,0,0,0,0,0,0,0,Not delivered,6
Africa,Eastern Africa,AFRO,Madagascar,26,MA,MG,MDG,Analamanga,2863,Analamanga,0,,Manjakandriana,27849,ADM3,Manjakandriana,27849,MDG0286327849,2014,High prevalence (50% and above),PreSAC,34491,0,0,0.0,0,0,0,0,0,0,0,0,0,Not delivered,6
Africa,Eastern Africa,AFRO,Madagascar,26,MA,MG,MDG,Analamanga,2863,Analamanga,0,,Manjakandriana,27849,ADM3,Manjakandriana,27849,MDG0286327849,2014,High prevalence (50% and above),SAC,59281,0,0,0.0,0,0,0,0,0,0,0,0,0,Not delivered,6
Africa,Eastern Africa,AFRO,Madagascar,26,MA,MG,MDG,Analamanga,2863,Analamanga,0,,Manjakandriana,27849,ADM3,Manjakandriana,27849,MDG0286327849,2014,High prevalence (50% and above),Total,93772,0,0,0.0,0,0,0,0,0,0,0,0,0,Not delivered,6
Africa,Eastern Africa,AFRO,Madagascar,26,MA,MG,MDG,Analanjirofo,2864,Analanjirofo,0,,FÃ©nÃ©rive Est,27850,ADM3,FÃ©nÃ©rive Est,27850,MDG0286427850,2014,High prevalence (50% and above),PreSAC,52102,52102,39472,75.76,1,1,1,1,75,1,1,1,1,ALB+DEC,6
Africa,Eastern Africa,AFRO,Madagascar,26,MA,MG,MDG,Analanjirofo,2864,Analanjirofo,0,,FÃ©nÃ©rive Est,27850,ADM3,FÃ©nÃ©rive Est,27850,MDG0286427850,2014,High prevalence (50% and above),SAC,89550,89550,84000,93.8,1,1,1,1,93,1,1,1,1,ALB+DEC,6
Africa,Eastern Africa,AFRO,Madagascar,26,MA,MG,MDG,Analanjirofo,2864,Analanjirofo,0,,FÃ©nÃ©rive Est,27850,ADM3,FÃ©nÃ©rive Est,27850,MDG0286427850,2014,High prevalence (50% and above),Total,141652,141652,123472,87.17,1,1,1,1,87,1,1,1,1,ALB+DEC,6
Africa,Eastern Africa,AFRO,Madagascar,26,MA,MG,MDG,Analanjirofo,2864,Analanjirofo,0,,Mananara Nord,27851,ADM3,Mananara Nord,27851,MDG0286427851,2014,High prevalence (50% and above),PreSAC,28711,28711,21120,73.56,1,0,1,0,73,1,0,1,0,ALB+DEC,6
Africa,Eastern Africa,AFRO,Madagascar,26,MA,MG,MDG,Analanjirofo,2864,Analanjirofo,0,,Mananara Nord,27851,ADM3,Mananara Nord,27851,MDG0286427851,2014,High prevalence (50% and above),SAC,49347,49347,48000,97.27,1,1,1,1,97,1,1,1,1,ALB+DEC,6
Africa,Eastern Africa,AFRO,Madagascar,26,MA,MG,MDG,Analanjirofo,2864,Analanjirofo,0,,Mananara Nord,27851,ADM3,Mananara Nord,27851,MDG0286427851,2014,High prevalence (50% and above),Total,78058,78058,69120,88.55,1,1,1,1,88,1,1,1,1,ALB+DEC,6
Africa,Eastern Africa,AFRO,Madagascar,26,MA,MG,MDG,Analanjirofo,2864,Analanjirofo,0,,Maroantsetra,27852,ADM3,Maroantsetra,27852,MDG0286427852,2014,High prevalence (50% and above),PreSAC,37332,37332,24172,64.75,1,0,1,0,64,1,0,1,0,ALB+DEC,6
Africa,Eastern Africa,AFRO,Madagascar,26,MA,MG,MDG,Analanjirofo,2864,Analanjirofo,0,,Maroantsetra,27852,ADM3,Maroantsetra,27852,MDG0286427852,2014,High prevalence (50% and above),SAC,64165,64165,60000,93.51,1,1,1,1,93,1,1,1,1,ALB+DEC,6
Africa,Eastern Africa,AFRO,Madagascar,26,MA,MG,MDG,Analanjirofo,2864,Analanjirofo,0,,Maroantsetra,27852,ADM3,Maroantsetra,27852,MDG0286427852,2014,High prevalence (50% and above),Total,101497,101497,84172,82.93,1,1,1,1,82,1,1,1,1,ALB+DEC,6
Africa,Eastern Africa,AFRO,Madagascar,26,MA,MG,MDG,Analanjirofo,2864,Analanjirofo,0,,Sainte-Marie,27853,ADM3,Sainte-Marie,27853,MDG0286427853,2014,High prevalence (50% and above),PreSAC,4485,4485,0,0.0,0,0,0,0,0,0,0,0,0,ALB/MBD,6
Africa,Eastern Africa,AFRO,Madagascar,26,MA,MG,MDG,Analanjirofo,2864,Analanjirofo,0,,Sainte-Marie,27853,ADM3,Sainte-Marie,27853,MDG0286427853,2014,High prevalence (50% and above),SAC,7709,7709,6000,77.83,1,1,1,1,77,1,1,1,1,ALB/MBD,6
Africa,Eastern Africa,AFRO,Madagascar,26,MA,MG,MDG,Analanjirofo,2864,Analanjirofo,0,,Sainte-Marie,27853,ADM3,Sainte-Marie,27853,MDG0286427853,2014,High prevalence (50% and above),Total,12194,12194,6000,49.2,1,0,1,0,49,1,0,1,0,ALB/MBD,6
Africa,Eastern Africa,AFRO,Madagascar,26,MA,MG,MDG,Analanjirofo,2864,Analanjirofo,0,,Soanierana Ivongo,27854,ADM3,Soanierana Ivongo,27854,MDG0286427854,2014,High prevalence (50% and above),PreSAC,22986,22986,13842,60.22,1,0,1,0,60,1,0,1,0,ALB+DEC,6
Africa,Eastern Africa,AFRO,Madagascar,26,MA,MG,MDG,Analanjirofo,2864,Analanjirofo,0,,Soanierana Ivongo,27854,ADM3,Soanierana Ivongo,27854,MDG0286427854,2014,High prevalence (50% and above),SAC,39507,39507,39000,98.72,1,1,1,1,98,1,1,1,1,ALB+DEC,6
Africa,Eastern Africa,AFRO,Madagascar,26,MA,MG,MDG,Analanjirofo,2864,Analanjirofo,0,,Soanierana Ivongo,27854,ADM3,Soanierana Ivongo,27854,MDG0286427854,2014,High prevalence (50% and above),Total,62493,62493,52842,84.56,1,1,1,1,84,1,1,1,1,ALB+DEC,6
Africa,Eastern Africa,AFRO,Madagascar,26,MA,MG,MDG,Analanjirofo,2864,Analanjirofo,0,,Vavatenina,27855,ADM3,Vavatenina,27855,MDG0286427855,2014,High prevalence (50% and above),PreSAC,29265,29265,14428,49.3,1,0,1,0,49,1,0,1,0,ALB+DEC,6
Africa,Eastern Africa,AFRO,Madagascar,26,MA,MG,MDG,Analanjirofo,2864,Analanjirofo,0,,Vavatenina,27855,ADM3,Vavatenina,27855,MDG0286427855,2014,High prevalence (50% and above),SAC,50299,50299,48000,95.43,1,1,1,1,95,1,1,1,1,ALB+DEC,6
Africa,Eastern Africa,AFRO,Madagascar,26,MA,MG,MDG,Analanjirofo,2864,Analanjirofo,0,,Vavatenina,27855,ADM3,Vavatenina,27855,MDG0286427855,2014,High prevalence (50% and above),Total,79564,79564,62428,78.46,1,1,1,1,78,1,1,1,1,ALB+DEC,6
Africa,Eastern Africa,AFRO,Madagascar,26,MA,MG,MDG,Androy,2865,Androy,0,,Ambovombe Androy,27856,ADM3,Ambovombe Androy,27856,MDG0286527856,2014,Moderate prevalence (20%-49%),PreSAC,59076,59076,44484,75.3,1,1,1,1,75,1,1,1,1,ALB+DEC,7
Africa,Eastern Africa,AFRO,Madagascar,26,MA,MG,MDG,Androy,2865,Androy,0,,Ambovombe Androy,27856,ADM3,Ambovombe Androy,27856,MDG0286527856,2014,Moderate prevalence (20%-49%),SAC,101537,101537,100353,98.83,1,1,1,1,98,1,1,1,1,ALB+DEC,7
Africa,Eastern Africa,AFRO,Madagascar,26,MA,MG,MDG,Androy,2865,Androy,0,,Ambovombe Androy,27856,ADM3,Ambovombe Androy,27856,MDG0286527856,2014,Moderate prevalence (20%-49%),Total,160613,160613,144837,90.18,1,1,1,1,90,1,1,1,1,ALB+DEC,7
Africa,Eastern Africa,AFRO,Madagascar,26,MA,MG,MDG,Androy,2865,Androy,0,,Bekily,27857,ADM3,Bekily,27857,MDG0286527857,2014,Low prevalence (less than 20%),PreSAC,0,0,0,0.0,0,0,0,0,0,0,0,0,0,PZQ+ALB/MBD,8
Africa,Eastern Africa,AFRO,Madagascar,26,MA,MG,MDG,Androy,2865,Androy,0,,Bekily,27857,ADM3,Bekily,27857,MDG0286527857,2014,Low prevalence (less than 20%),SAC,47840,47840,53602,112.04,1,1,1,1,112,1,1,1,1,PZQ+ALB/MBD,8
Africa,Eastern Africa,AFRO,Madagascar,26,MA,MG,MDG,Androy,2865,Androy,0,,Bekily,27857,ADM3,Bekily,27857,MDG0286527857,2014,Low prevalence (less than 20%),Total,47840,47840,53602,112.04,1,1,1,1,112,1,1,1,1,PZQ+ALB/MBD,8
Africa,Eastern Africa,AFRO,Madagascar,26,MA,MG,MDG,Androy,2865,Androy,0,,Beloha Androy,27858,ADM3,Beloha Androy,27858,MDG0286527858,2014,Low prevalence (less than 20%),PreSAC,18476,18476,13316,72.07,1,0,1,0,72,1,0,1,0,ALB+DEC,8
Africa,Eastern Africa,AFRO,Madagascar,26,MA,MG,MDG,Androy,2865,Androy,0,,Beloha Androy,27858,ADM3,Beloha Androy,27858,MDG0286527858,2014,Low prevalence (less than 20%),SAC,31756,31756,37878,119.28,1,1,1,1,119,1,1,1,1,ALB+DEC,8
Africa,Eastern Africa,AFRO,Madagascar,26,MA,MG,MDG,Androy,2865,Androy,0,,Beloha Androy,27858,ADM3,Beloha Androy,27858,MDG0286527858,2014,Low prevalence (less than 20%),Total,50232,50232,51194,101.92,1,1,1,1,101,1,1,1,1,ALB+DEC,8
Africa,Eastern Africa,AFRO,Madagascar,26,MA,MG,MDG,Androy,2865,Androy,0,,Tsihombe,27859,ADM3,Tsihombe,27859,MDG0286527859,2014,Low prevalence (less than 20%),PreSAC,18609,18609,17867,96.01,1,1,1,1,96,1,1,1,1,ALB+DEC,8
Africa,Eastern Africa,AFRO,Madagascar,26,MA,MG,MDG,Androy,2865,Androy,0,,Tsihombe,27859,ADM3,Tsihombe,27859,MDG0286527859,2014,Low prevalence (less than 20%),SAC,31984,31984,51053,159.62,1,1,1,1,159,1,1,1,1,ALB+DEC,8
Africa,Eastern Africa,AFRO,Madagascar,26,MA,MG,MDG,Androy,2865,Androy,0,,Tsihombe,27859,ADM3,Tsihombe,27859,MDG0286527859,2014,Low prevalence (less than 20%),Total,50593,50593,68920,136.22,1,1,1,1,136,1,1,1,1,ALB+DEC,8
Africa,Eastern Africa,AFRO,Madagascar,26,MA,MG,MDG,Anosy,2866,Anosy,0,,Amboasary Atsimo,27860,ADM3,Amboasary Atsimo,27860,MDG0286627860,2014,Moderate prevalence (20%-49%),PreSAC,0,0,0,0.0,0,0,0,0,0,0,0,0,0,ALB/MBD,7
Africa,Eastern Africa,AFRO,Madagascar,26,MA,MG,MDG,Anosy,2866,Anosy,0,,Amboasary Atsimo,27860,ADM3,Amboasary Atsimo,27860,MDG0286627860,2014,Moderate prevalence (20%-49%),SAC,60715,60715,57000,93.88,1,1,1,1,93,1,1,1,1,ALB/MBD,7
Africa,Eastern Africa,AFRO,Madagascar,26,MA,MG,MDG,Anosy,2866,Anosy,0,,Amboasary Atsimo,27860,ADM3,Amboasary Atsimo,27860,MDG0286627860,2014,Moderate prevalence (20%-49%),Total,60715,60715,57000,93.88,1,1,1,1,93,1,1,1,1,ALB/MBD,7
Africa,Eastern Africa,AFRO,Madagascar,26,MA,MG,MDG,Anosy,2866,Anosy,0,,Betroka,27861,ADM3,Betroka,27861,MDG0286627861,2014,Low prevalence (less than 20%),PreSAC,32241,32241,21840,67.74,1,0,1,0,67,1,0,1,0,ALB+DEC,8
Africa,Eastern Africa,AFRO,Madagascar,26,MA,MG,MDG,Anosy,2866,Anosy,0,,Betroka,27861,ADM3,Betroka,27861,MDG0286627861,2014,Low prevalence (less than 20%),SAC,55414,55414,54000,97.45,1,1,1,1,97,1,1,1,1,ALB+DEC,8
Africa,Eastern Africa,AFRO,Madagascar,26,MA,MG,MDG,Anosy,2866,Anosy,0,,Betroka,27861,ADM3,Betroka,27861,MDG0286627861,2014,Low prevalence (less than 20%),Total,87655,87655,75840,86.52,1,1,1,1,86,1,1,1,1,ALB+DEC,8
Africa,Eastern Africa,AFRO,Madagascar,26,MA,MG,MDG,Anosy,2866,Anosy,0,,Tolagnaro,27862,ADM3,Tolagnaro,27862,MDG0286627862,2014,High prevalence (50% and above),PreSAC,45933,45933,26769,58.28,1,0,1,0,58,1,0,1,0,ALB+DEC,6
Africa,Eastern Africa,AFRO,Madagascar,26,MA,MG,MDG,Anosy,2866,Anosy,0,,Tolagnaro,27862,ADM3,Tolagnaro,27862,MDG0286627862,2014,High prevalence (50% and above),SAC,78947,78947,75000,95.0,1,1,1,1,95,1,1,1,1,ALB+DEC,6
Africa,Eastern Africa,AFRO,Madagascar,26,MA,MG,MDG,Anosy,2866,Anosy,0,,Tolagnaro,27862,ADM3,Tolagnaro,27862,MDG0286627862,2014,High prevalence (50% and above),Total,124880,124880,101769,81.49,1,1,1,1,81,1,1,1,1,ALB+DEC,6
Africa,Eastern Africa,AFRO,Madagascar,26,MA,MG,MDG,Atsimo Andrefana,2867,Atsimo Andrefana,0,,Ampanihy Ouest,27863,ADM3,Ampanihy Ouest,27863,MDG0286727863,2014,Low prevalence (less than 20%),PreSAC,52402,0,0,0.0,0,0,0,0,0,0,0,0,0,ALB/MBD,8
Africa,Eastern Africa,AFRO,Madagascar,26,MA,MG,MDG,Atsimo Andrefana,2867,Atsimo Andrefana,0,,Ampanihy Ouest,27863,ADM3,Ampanihy Ouest,27863,MDG0286727863,2014,Low prevalence (less than 20%),SAC,90067,90067,87000,96.59,1,1,1,1,96,1,1,1,1,ALB/MBD,8
Africa,Eastern Africa,AFRO,Madagascar,26,MA,MG,MDG,Atsimo Andrefana,2867,Atsimo Andrefana,0,,Ampanihy Ouest,27863,ADM3,Ampanihy Ouest,27863,MDG0286727863,2014,Low prevalence (less than 20%),Total,142469,90067,87000,96.59,1,1,1,1,61,1,0,1,0,ALB/MBD,8
Africa,Eastern Africa,AFRO,Madagascar,26,MA,MG,MDG,Atsimo Andrefana,2867,Atsimo Andrefana,0,,Ankazoabo,27864,ADM3,Ankazoabo,27864,MDG0286727864,2014,Low prevalence (less than 20%),PreSAC,11076,0,0,0.0,0,0,0,0,0,0,0,0,0,ALB/MBD,8
Africa,Eastern Africa,AFRO,Madagascar,26,MA,MG,MDG,Atsimo Andrefana,2867,Atsimo Andrefana,0,,Ankazoabo,27864,ADM3,Ankazoabo,27864,MDG0286727864,2014,Low prevalence (less than 20%),SAC,19037,19037,18000,94.55,1,1,1,1,94,1,1,1,1,ALB/MBD,8
Africa,Eastern Africa,AFRO,Madagascar,26,MA,MG,MDG,Atsimo Andrefana,2867,Atsimo Andrefana,0,,Ankazoabo,27864,ADM3,Ankazoabo,27864,MDG0286727864,2014,Low prevalence (less than 20%),Total,30113,19037,18000,94.55,1,1,1,1,59,1,0,1,0,ALB/MBD,8
Africa,Eastern Africa,AFRO,Madagascar,26,MA,MG,MDG,Atsimo Andrefana,2867,Atsimo Andrefana,0,,Benenitra,27865,ADM3,Benenitra,27865,MDG0286727865,2014,Low prevalence (less than 20%),PreSAC,6541,0,0,0.0,0,0,0,0,0,0,0,0,0,ALB/MBD,8
Africa,Eastern Africa,AFRO,Madagascar,26,MA,MG,MDG,Atsimo Andrefana,2867,Atsimo Andrefana,0,,Benenitra,27865,ADM3,Benenitra,27865,MDG0286727865,2014,Low prevalence (less than 20%),SAC,11242,11242,12000,106.74,1,1,1,1,106,1,1,1,1,ALB/MBD,8
Africa,Eastern Africa,AFRO,Madagascar,26,MA,MG,MDG,Atsimo Andrefana,2867,Atsimo Andrefana,0,,Benenitra,27865,ADM3,Benenitra,27865,MDG0286727865,2014,Low prevalence (less than 20%),Total,17783,11242,12000,106.74,1,1,1,1,67,1,0,1,0,ALB/MBD,8
Africa,Eastern Africa,AFRO,Madagascar,26,MA,MG,MDG,Atsimo Andrefana,2867,Atsimo Andrefana,0,,Beroroha,27866,ADM3,Beroroha,27866,MDG0286727866,2014,High prevalence (50% and above),PreSAC,7722,0,0,0.0,0,0,0,0,0,0,0,0,0,ALB/MBD,6
Africa,Eastern Africa,AFRO,Madagascar,26,MA,MG,MDG,Atsimo Andrefana,2867,Atsimo Andrefana,0,,Beroroha,27866,ADM3,Beroroha,27866,MDG0286727866,2014,High prevalence (50% and above),SAC,13273,13273,12000,90.41,1,1,1,1,90,1,1,1,1,ALB/MBD,6
Africa,Eastern Africa,AFRO,Madagascar,26,MA,MG,MDG,Atsimo Andrefana,2867,Atsimo Andrefana,0,,Beroroha,27866,ADM3,Beroroha,27866,MDG0286727866,2014,High prevalence (50% and above),Total,20995,13273,12000,90.41,1,1,1,1,57,1,0,1,0,ALB/MBD,6
Africa,Eastern Africa,AFRO,Madagascar,26,MA,MG,MDG,Atsimo Andrefana,2867,Atsimo Andrefana,0,,Betioky Atsimo,27867,ADM3,Betioky Atsimo,27867,MDG0286727867,2014,Low prevalence (less than 20%),PreSAC,34690,0,0,0.0,0,0,0,0,0,0,0,0,0,ALB/MBD,8
Africa,Eastern Africa,AFRO,Madagascar,26,MA,MG,MDG,Atsimo Andrefana,2867,Atsimo Andrefana,0,,Betioky Atsimo,27867,ADM3,Betioky Atsimo,27867,MDG0286727867,2014,Low prevalence (less than 20%),SAC,59623,59623,57000,95.6,1,1,1,1,95,1,1,1,1,ALB/MBD,8
Africa,Eastern Africa,AFRO,Madagascar,26,MA,MG,MDG,Atsimo Andrefana,2867,Atsimo Andrefana,0,,Betioky Atsimo,27867,ADM3,Betioky Atsimo,27867,MDG0286727867,2014,Low prevalence (less than 20%),Total,94313,59623,57000,95.6,1,1,1,1,60,1,0,1,0,ALB/MBD,8
Africa,Eastern Africa,AFRO,Madagascar,26,MA,MG,MDG,Atsimo Andrefana,2867,Atsimo Andrefana,0,,Morombe,27868,ADM3,Morombe,27868,MDG0286727868,2014,Non-endemic,PreSAC,19796,0,0,0.0,0,0,0,0,0,0,0,0,0,ALB/MBD,0
Africa,Eastern Africa,AFRO,Madagascar,26,MA,MG,MDG,Atsimo Andrefana,2867,Atsimo Andrefana,0,,Morombe,27868,ADM3,Morombe,27868,MDG0286727868,2014,Non-endemic,SAC,34025,34025,33000,96.99,1,1,1,1,96,1,1,1,1,ALB/MBD,0
Africa,Eastern Africa,AFRO,Madagascar,26,MA,MG,MDG,Atsimo Andrefana,2867,Atsimo Andrefana,0,,Morombe,27868,ADM3,Morombe,27868,MDG0286727868,2014,Non-endemic,Total,53821,34025,33000,96.99,1,1,1,1,61,1,0,1,0,ALB/MBD,0
Africa,Eastern Africa,AFRO,Madagascar,26,MA,MG,MDG,Atsimo Andrefana,2867,Atsimo Andrefana,0,,Sakaraha,27869,ADM3,Sakaraha,27869,MDG0286727869,2014,Low prevalence (less than 20%),PreSAC,19104,0,0,0.0,0,0,0,0,0,0,0,0,0,ALB/MBD,8
Africa,Eastern Africa,AFRO,Madagascar,26,MA,MG,MDG,Atsimo Andrefana,2867,Atsimo Andrefana,0,,Sakaraha,27869,ADM3,Sakaraha,27869,MDG0286727869,2014,Low prevalence (less than 20%),SAC,32836,32836,30000,91.36,1,1,1,1,91,1,1,1,1,ALB/MBD,8
Africa,Eastern Africa,AFRO,Madagascar,26,MA,MG,MDG,Atsimo Andrefana,2867,Atsimo Andrefana,0,,Sakaraha,27869,ADM3,Sakaraha,27869,MDG0286727869,2014,Low prevalence (less than 20%),Total,51940,32836,30000,91.36,1,1,1,1,57,1,0,1,0,ALB/MBD,8
Africa,Eastern Africa,AFRO,Madagascar,26,MA,MG,MDG,Atsimo Andrefana,2867,Atsimo Andrefana,0,,Toliara I,27870,ADM3,Toliara I,27870,MDG0286727870,2014,Moderate prevalence (20%-49%),PreSAC,26475,0,0,0.0,0,0,0,0,0,0,0,0,0,ALB/MBD,7
Africa,Eastern Africa,AFRO,Madagascar,26,MA,MG,MDG,Atsimo Andrefana,2867,Atsimo Andrefana,0,,Toliara I,27870,ADM3,Toliara I,27870,MDG0286727870,2014,Moderate prevalence (20%-49%),SAC,45505,45505,42000,92.3,1,1,1,1,92,1,1,1,1,ALB/MBD,7
Africa,Eastern Africa,AFRO,Madagascar,26,MA,MG,MDG,Atsimo Andrefana,2867,Atsimo Andrefana,0,,Toliara I,27870,ADM3,Toliara I,27870,MDG0286727870,2014,Moderate prevalence (20%-49%),Total,71980,45505,42000,92.3,1,1,1,1,58,1,0,1,0,ALB/MBD,7
Africa,Eastern Africa,AFRO,Madagascar,26,MA,MG,MDG,Atsimo Andrefana,2867,Atsimo Andrefana,0,,Toliara II,27871,ADM3,Toliara II,27871,MDG0286727871,2014,Low prevalence (less than 20%),PreSAC,44652,0,0,0.0,0,0,0,0,0,0,0,0,0,ALB/MBD,8
Africa,Eastern Africa,AFRO,Madagascar,26,MA,MG,MDG,Atsimo Andrefana,2867,Atsimo Andrefana,0,,Toliara II,27871,ADM3,Toliara II,27871,MDG0286727871,2014,Low prevalence (less than 20%),SAC,76746,76746,72000,93.82,1,1,1,1,93,1,1,1,1,ALB/MBD,8
Africa,Eastern Africa,AFRO,Madagascar,26,MA,MG,MDG,Atsimo Andrefana,2867,Atsimo Andrefana,0,,Toliara II,27871,ADM3,Toliara II,27871,MDG0286727871,2014,Low prevalence (less than 20%),Total,121398,76746,72000,93.82,1,1,1,1,59,1,0,1,0,ALB/MBD,8
Africa,Eastern Africa,AFRO,Madagascar,26,MA,MG,MDG,Atsimo- Atsinanana,2868,Atsimo Atsinanana,0,,Befotaka,27872,ADM3,Befotaka,27872,MDG0286827872,2014,High prevalence (50% and above),PreSAC,9031,9031,6870,76.07,1,1,1,1,76,1,1,1,1,ALB+DEC,6
Africa,Eastern Africa,AFRO,Madagascar,26,MA,MG,MDG,Atsimo- Atsinanana,2868,Atsimo Atsinanana,0,,Befotaka,27872,ADM3,Befotaka,27872,MDG0286827872,2014,High prevalence (50% and above),SAC,15522,15522,19627,126.45,1,1,1,1,126,1,1,1,1,ALB+DEC,6
Africa,Eastern Africa,AFRO,Madagascar,26,MA,MG,MDG,Atsimo- Atsinanana,2868,Atsimo Atsinanana,0,,Befotaka,27872,ADM3,Befotaka,27872,MDG0286827872,2014,High prevalence (50% and above),Total,24553,24553,26497,107.92,1,1,1,1,107,1,1,1,1,ALB+DEC,6
Africa,Eastern Africa,AFRO,Madagascar,26,MA,MG,MDG,Atsimo- Atsinanana,2868,Atsimo Atsinanana,0,,Farafangana,27873,ADM3,Farafangana,27873,MDG0286827873,2014,High prevalence (50% and above),PreSAC,57753,57753,46625,80.73,1,1,1,1,80,1,1,1,1,ALB+DEC,6
Africa,Eastern Africa,AFRO,Madagascar,26,MA,MG,MDG,Atsimo- Atsinanana,2868,Atsimo Atsinanana,0,,Farafangana,27873,ADM3,Farafangana,27873,MDG0286827873,2014,High prevalence (50% and above),SAC,99263,99263,116400,117.26,1,1,1,1,117,1,1,1,1,ALB+DEC,6
Africa,Eastern Africa,AFRO,Madagascar,26,MA,MG,MDG,Atsimo- Atsinanana,2868,Atsimo Atsinanana,0,,Farafangana,27873,ADM3,Farafangana,27873,MDG0286827873,2014,High prevalence (50% and above),Total,157016,157016,163025,103.83,1,1,1,1,103,1,1,1,1,ALB+DEC,6
Africa,Eastern Africa,AFRO,Madagascar,26,MA,MG,MDG,Atsimo- Atsinanana,2868,Atsimo Atsinanana,0,,Midongy Atsimo,27874,ADM3,Midongy Atsimo,27874,MDG0286827874,2014,High prevalence (50% and above),PreSAC,7741,7741,7026,90.76,1,1,1,1,90,1,1,1,1,ALB+DEC,6
Africa,Eastern Africa,AFRO,Madagascar,26,MA,MG,MDG,Atsimo- Atsinanana,2868,Atsimo Atsinanana,0,,Midongy Atsimo,27874,ADM3,Midongy Atsimo,27874,MDG0286827874,2014,High prevalence (50% and above),SAC,13304,13304,16364,123.0,1,1,1,1,123,1,1,1,1,ALB+DEC,6
Africa,Eastern Africa,AFRO,Madagascar,26,MA,MG,MDG,Atsimo- Atsinanana,2868,Atsimo Atsinanana,0,,Midongy Atsimo,27874,ADM3,Midongy Atsimo,27874,MDG0286827874,2014,High prevalence (50% and above),Total,21045,21045,23390,111.14,1,1,1,1,111,1,1,1,1,ALB+DEC,6
Africa,Eastern Africa,AFRO,Madagascar,26,MA,MG,MDG,Atsimo- Atsinanana,2868,Atsimo Atsinanana,0,,Vangaindrano,27875,ADM3,Vangaindrano,27875,MDG0286827875,2014,High prevalence (50% and above),PreSAC,55684,55684,36120,64.87,1,0,1,0,64,1,0,1,0,ALB+DEC,6
Africa,Eastern Africa,AFRO,Madagascar,26,MA,MG,MDG,Atsimo- Atsinanana,2868,Atsimo Atsinanana,0,,Vangaindrano,27875,ADM3,Vangaindrano,27875,MDG0286827875,2014,High prevalence (50% and above),SAC,95707,95707,96842,101.19,1,1,1,1,101,1,1,1,1,ALB+DEC,6
Africa,Eastern Africa,AFRO,Madagascar,26,MA,MG,MDG,Atsimo- Atsinanana,2868,Atsimo Atsinanana,0,,Vangaindrano,27875,ADM3,Vangaindrano,27875,MDG0286827875,2014,High prevalence (50% and above),Total,151391,151391,132962,87.83,1,1,1,1,87,1,1,1,1,ALB+DEC,6
Africa,Eastern Africa,AFRO,Madagascar,26,MA,MG,MDG,Atsimo- Atsinanana,2868,Atsimo Atsinanana,0,,Vondrozo,27876,ADM3,Vondrozo,27876,MDG0286827876,2014,High prevalence (50% and above),PreSAC,21623,21623,13201,61.05,1,0,1,0,61,1,0,1,0,ALB+DEC,6
Africa,Eastern Africa,AFRO,Madagascar,26,MA,MG,MDG,Atsimo- Atsinanana,2868,Atsimo Atsinanana,0,,Vondrozo,27876,ADM3,Vondrozo,27876,MDG0286827876,2014,High prevalence (50% and above),SAC,37165,37165,41389,111.37,1,1,1,1,111,1,1,1,1,ALB+DEC,6
Africa,Eastern Africa,AFRO,Madagascar,26,MA,MG,MDG,Atsimo- Atsinanana,2868,Atsimo Atsinanana,0,,Vondrozo,27876,ADM3,Vondrozo,27876,MDG0286827876,2014,High prevalence (50% and above),Total,58788,58788,54590,92.86,1,1,1,1,92,1,1,1,1,ALB+DEC,6
Africa,Eastern Africa,AFRO,Madagascar,26,MA,MG,MDG,Atsinanana,2869,Atsinanana,0,,Antanambao Manampontsy,27877,ADM3,Antanambao Manampontsy,27877,MDG0286927877,2014,High prevalence (50% and above),PreSAC,8222,8222,9730,118.34,1,1,1,1,118,1,1,1,1,ALB+DEC,6
Africa,Eastern Africa,AFRO,Madagascar,26,MA,MG,MDG,Atsinanana,2869,Atsinanana,0,,Antanambao Manampontsy,27877,ADM3,Antanambao Manampontsy,27877,MDG0286927877,2014,High prevalence (50% and above),SAC,14131,14131,16723,118.34,1,1,1,1,118,1,1,1,1,ALB+DEC,6
Africa,Eastern Africa,AFRO,Madagascar,26,MA,MG,MDG,Atsinanana,2869,Atsinanana,0,,Antanambao Manampontsy,27877,ADM3,Antanambao Manampontsy,27877,MDG0286927877,2014,High prevalence (50% and above),Total,22353,22353,26453,118.34,1,1,1,1,118,1,1,1,1,ALB+DEC,6
Africa,Eastern Africa,AFRO,Madagascar,26,MA,MG,MDG,Atsinanana,2869,Atsinanana,0,,Brickaville,27878,ADM3,Brickaville,27878,MDG0286927878,2014,High prevalence (50% and above),PreSAC,31771,31771,29632,93.27,1,1,1,1,93,1,1,1,1,ALB+DEC,6
Africa,Eastern Africa,AFRO,Madagascar,26,MA,MG,MDG,Atsinanana,2869,Atsinanana,0,,Brickaville,27878,ADM3,Brickaville,27878,MDG0286927878,2014,High prevalence (50% and above),SAC,54606,54606,51178,93.72,1,1,1,1,93,1,1,1,1,ALB+DEC,6
Africa,Eastern Africa,AFRO,Madagascar,26,MA,MG,MDG,Atsinanana,2869,Atsinanana,0,,Brickaville,27878,ADM3,Brickaville,27878,MDG0286927878,2014,High prevalence (50% and above),Total,86377,86377,80810,93.55,1,1,1,1,93,1,1,1,1,ALB+DEC,6
Africa,Eastern Africa,AFRO,Madagascar,26,MA,MG,MDG,Atsinanana,2869,Atsinanana,0,,Mahanoro,27879,ADM3,Mahanoro,27879,MDG0286927879,2014,High prevalence (50% and above),PreSAC,40288,40288,44317,110.0,1,1,1,1,110,1,1,1,1,ALB+DEC,6
Africa,Eastern Africa,AFRO,Madagascar,26,MA,MG,MDG,Atsinanana,2869,Atsinanana,0,,Mahanoro,27879,ADM3,Mahanoro,27879,MDG0286927879,2014,High prevalence (50% and above),SAC,69245,69245,76170,110.0,1,1,1,1,110,1,1,1,1,ALB+DEC,6
Africa,Eastern Africa,AFRO,Madagascar,26,MA,MG,MDG,Atsinanana,2869,Atsinanana,0,,Mahanoro,27879,ADM3,Mahanoro,27879,MDG0286927879,2014,High prevalence (50% and above),Total,109533,109533,120487,110.0,1,1,1,1,110,1,1,1,1,ALB+DEC,6
Africa,Eastern Africa,AFRO,Madagascar,26,MA,MG,MDG,Atsinanana,2869,Atsinanana,0,,Marolambo,27880,ADM3,Marolambo,27880,MDG0286927880,2014,High prevalence (50% and above),PreSAC,25267,25267,24786,98.1,1,1,1,1,98,1,1,1,1,ALB+DEC,6
Africa,Eastern Africa,AFRO,Madagascar,26,MA,MG,MDG,Atsinanana,2869,Atsinanana,0,,Marolambo,27880,ADM3,Marolambo,27880,MDG0286927880,2014,High prevalence (50% and above),SAC,43427,43427,42602,98.1,1,1,1,1,98,1,1,1,1,ALB+DEC,6
Africa,Eastern Africa,AFRO,Madagascar,26,MA,MG,MDG,Atsinanana,2869,Atsinanana,0,,Marolambo,27880,ADM3,Marolambo,27880,MDG0286927880,2014,High prevalence (50% and above),Total,68694,43427,67388,155.18,1,1,1,1,98,1,1,1,1,ALB+DEC,6
Africa,Eastern Africa,AFRO,Madagascar,26,MA,MG,MDG,Atsinanana,2869,Atsinanana,0,,Toamasina I,27881,ADM3,Toamasina I,27881,MDG0286927881,2014,High prevalence (50% and above),PreSAC,46404,46404,41964,90.43,1,1,1,1,90,1,1,1,1,ALB+DEC,6
Africa,Eastern Africa,AFRO,Madagascar,26,MA,MG,MDG,Atsinanana,2869,Atsinanana,0,,Toamasina I,27881,ADM3,Toamasina I,27881,MDG0286927881,2014,High prevalence (50% and above),SAC,79757,79757,75000,94.04,1,1,1,1,94,1,1,1,1,ALB+DEC,6
Africa,Eastern Africa,AFRO,Madagascar,26,MA,MG,MDG,Atsinanana,2869,Atsinanana,0,,Toamasina I,27881,ADM3,Toamasina I,27881,MDG0286927881,2014,High prevalence (50% and above),Total,126161,126161,116964,92.71,1,1,1,1,92,1,1,1,1,ALB+DEC,6
Africa,Eastern Africa,AFRO,Madagascar,26,MA,MG,MDG,Atsinanana,2869,Analanjirofo,0,,Toamasina II,27882,ADM3,Toamasina II,27882,MDG0286927882,2014,High prevalence (50% and above),PreSAC,39088,39088,25822,66.06,1,0,1,0,66,1,0,1,0,ALB+DEC,6
Africa,Eastern Africa,AFRO,Madagascar,26,MA,MG,MDG,Atsinanana,2869,Analanjirofo,0,,Toamasina II,27882,ADM3,Toamasina II,27882,MDG0286927882,2014,High prevalence (50% and above),SAC,67183,67183,63000,93.77,1,1,1,1,93,1,1,1,1,ALB+DEC,6
Africa,Eastern Africa,AFRO,Madagascar,26,MA,MG,MDG,Atsinanana,2869,Analanjirofo,0,,Toamasina II,27882,ADM3,Toamasina II,27882,MDG0286927882,2014,High prevalence (50% and above),Total,106271,106271,88822,83.58,1,1,1,1,83,1,1,1,1,ALB+DEC,6
Africa,Eastern Africa,AFRO,Madagascar,26,MA,MG,MDG,Atsinanana,2869,Atsinanana,0,,Vatomandry,27883,ADM3,Vatomandry,27883,MDG0286927883,2014,High prevalence (50% and above),PreSAC,23636,23636,22565,95.47,1,1,1,1,95,1,1,1,1,ALB+DEC,6
Africa,Eastern Africa,AFRO,Madagascar,26,MA,MG,MDG,Atsinanana,2869,Atsinanana,0,,Vatomandry,27883,ADM3,Vatomandry,27883,MDG0286927883,2014,High prevalence (50% and above),SAC,40625,40625,39000,96.0,1,1,1,1,96,1,1,1,1,ALB+DEC,6
Africa,Eastern Africa,AFRO,Madagascar,26,MA,MG,MDG,Atsinanana,2869,Atsinanana,0,,Vatomandry,27883,ADM3,Vatomandry,27883,MDG0286927883,2014,High prevalence (50% and above),Total,64261,64261,61565,95.8,1,1,1,1,95,1,1,1,1,ALB+DEC,6
Africa,Eastern Africa,AFRO,Madagascar,26,MA,MG,MDG,Betsiboka-Betsiboka,2870,Betsiboka,0,,Kandreho,27884,ADM3,Kandreho,27884,MDG0287027884,2014,Low prevalence (less than 20%),PreSAC,3496,3496,2688,76.89,1,1,1,1,76,1,1,1,1,ALB+DEC,8
Africa,Eastern Africa,AFRO,Madagascar,26,MA,MG,MDG,Betsiboka-Betsiboka,2870,Betsiboka,0,,Kandreho,27884,ADM3,Kandreho,27884,MDG0287027884,2014,Low prevalence (less than 20%),SAC,6008,6008,6000,99.87,1,1,1,1,99,1,1,1,1,ALB+DEC,8
Africa,Eastern Africa,AFRO,Madagascar,26,MA,MG,MDG,Betsiboka-Betsiboka,2870,Betsiboka,0,,Kandreho,27884,ADM3,Kandreho,27884,MDG0287027884,2014,Low prevalence (less than 20%),Total,9504,9504,8688,91.41,1,1,1,1,91,1,1,1,1,ALB+DEC,8
Africa,Eastern Africa,AFRO,Madagascar,26,MA,MG,MDG,Betsiboka-Betsiboka,2870,Betsiboka,0,,Maevatanana,27885,ADM3,Maevatanana,27885,MDG0287027885,2014,Moderate prevalence (20%-49%),PreSAC,25511,25511,14573,57.12,1,0,1,0,57,1,0,1,0,ALB+DEC,7
Africa,Eastern Africa,AFRO,Madagascar,26,MA,MG,MDG,Betsiboka-Betsiboka,2870,Betsiboka,0,,Maevatanana,27885,ADM3,Maevatanana,27885,MDG0287027885,2014,Moderate prevalence (20%-49%),SAC,43847,43847,42000,95.79,1,1,1,1,95,1,1,1,1,ALB+DEC,7
Africa,Eastern Africa,AFRO,Madagascar,26,MA,MG,MDG,Betsiboka-Betsiboka,2870,Betsiboka,0,,Maevatanana,27885,ADM3,Maevatanana,27885,MDG0287027885,2014,Moderate prevalence (20%-49%),Total,69358,69358,56573,81.57,1,1,1,1,81,1,1,1,1,ALB+DEC,7
Africa,Eastern Africa,AFRO,Madagascar,26,MA,MG,MDG,Betsiboka-Betsiboka,2870,Betsiboka,0,,Tsaratanana,27886,ADM3,Tsaratanana,27886,MDG0287027886,2014,Moderate prevalence (20%-49%),PreSAC,20583,20583,12019,58.39,1,0,1,0,58,1,0,1,0,ALB+DEC,7
Africa,Eastern Africa,AFRO,Madagascar,26,MA,MG,MDG,Betsiboka-Betsiboka,2870,Betsiboka,0,,Tsaratanana,27886,ADM3,Tsaratanana,27886,MDG0287027886,2014,Moderate prevalence (20%-49%),SAC,35377,35377,33000,93.28,1,1,1,1,93,1,1,1,1,ALB+DEC,7
Africa,Eastern Africa,AFRO,Madagascar,26,MA,MG,MDG,Betsiboka-Betsiboka,2870,Betsiboka,0,,Tsaratanana,27886,ADM3,Tsaratanana,27886,MDG0287027886,2014,Moderate prevalence (20%-49%),Total,55960,55960,45019,80.45,1,1,1,1,80,1,1,1,1,ALB+DEC,7
Africa,Eastern Africa,AFRO,Madagascar,26,MA,MG,MDG,Boeny,2871,Boeny,0,,Ambato Boeni (Ambato Boeny),27887,ADM3,Ambato Boeni (Ambato Boeny),27887,MDG0287127887,2014,Low prevalence (less than 20%),PreSAC,35682,35682,27525,77.14,1,1,1,1,77,1,1,1,1,ALB+DEC,8
Africa,Eastern Africa,AFRO,Madagascar,26,MA,MG,MDG,Boeny,2871,Boeny,0,,Ambato Boeni (Ambato Boeny),27887,ADM3,Ambato Boeni (Ambato Boeny),27887,MDG0287127887,2014,Low prevalence (less than 20%),SAC,61329,61329,60000,97.83,1,1,1,1,97,1,1,1,1,ALB+DEC,8
Africa,Eastern Africa,AFRO,Madagascar,26,MA,MG,MDG,Boeny,2871,Boeny,0,,Ambato Boeni (Ambato Boeny),27887,ADM3,Ambato Boeni (Ambato Boeny),27887,MDG0287127887,2014,Low prevalence (less than 20%),Total,97011,97011,87525,90.22,1,1,1,1,90,1,1,1,1,ALB+DEC,8
Africa,Eastern Africa,AFRO,Madagascar,26,MA,MG,MDG,Boeny,2871,Boeny,0,,Mahajanga I,27888,ADM3,Mahajanga I,27888,MDG0287127888,2014,Low prevalence (less than 20%),PreSAC,37274,37274,19828,53.2,1,0,1,0,53,1,0,1,0,ALB+DEC,8
Africa,Eastern Africa,AFRO,Madagascar,26,MA,MG,MDG,Boeny,2871,Boeny,0,,Mahajanga I,27888,ADM3,Mahajanga I,27888,MDG0287127888,2014,Low prevalence (less than 20%),SAC,64065,64065,60000,93.65,1,1,1,1,93,1,1,1,1,ALB+DEC,8
Africa,Eastern Africa,AFRO,Madagascar,26,MA,MG,MDG,Boeny,2871,Boeny,0,,Mahajanga I,27888,ADM3,Mahajanga I,27888,MDG0287127888,2014,Low prevalence (less than 20%),Total,101339,101339,79828,78.77,1,1,1,1,78,1,1,1,1,ALB+DEC,8
Africa,Eastern Africa,AFRO,Madagascar,26,MA,MG,MDG,Boeny,2871,Boeny,0,,Mahajanga II,27889,ADM3,Mahajanga II,27889,MDG0287127889,2014,Low prevalence (less than 20%),PreSAC,13097,0,0,0.0,0,0,0,0,0,0,0,0,0,ALB/MBD,8
Africa,Eastern Africa,AFRO,Madagascar,26,MA,MG,MDG,Boeny,2871,Boeny,0,,Mahajanga II,27889,ADM3,Mahajanga II,27889,MDG0287127889,2014,Low prevalence (less than 20%),SAC,22511,22511,21000,93.29,1,1,1,1,93,1,1,1,1,ALB/MBD,8
Africa,Eastern Africa,AFRO,Madagascar,26,MA,MG,MDG,Boeny,2871,Boeny,0,,Mahajanga II,27889,ADM3,Mahajanga II,27889,MDG0287127889,2014,Low prevalence (less than 20%),Total,35608,22511,21000,93.29,1,1,1,1,58,1,0,1,0,ALB/MBD,8
Africa,Eastern Africa,AFRO,Madagascar,26,MA,MG,MDG,Boeny,2871,Boeny,0,,Marovoay,27890,ADM3,Marovoay,27890,MDG0287127890,2014,Low prevalence (less than 20%),PreSAC,30873,30873,21868,70.83,1,0,1,0,70,1,0,1,0,ALB+DEC,8
Africa,Eastern Africa,AFRO,Madagascar,26,MA,MG,MDG,Boeny,2871,Boeny,0,,Marovoay,27890,ADM3,Marovoay,27890,MDG0287127890,2014,Low prevalence (less than 20%),SAC,53064,53064,41000,77.27,1,1,1,1,77,1,1,1,1,ALB+DEC,8
Africa,Eastern Africa,AFRO,Madagascar,26,MA,MG,MDG,Boeny,2871,Boeny,0,,Marovoay,27890,ADM3,Marovoay,27890,MDG0287127890,2014,Low prevalence (less than 20%),Total,83937,83937,62868,74.9,1,0,1,0,74,1,0,1,0,ALB+DEC,8
Africa,Eastern Africa,AFRO,Madagascar,26,MA,MG,MDG,Boeny,2871,Boeny,0,,Mitsinjo,27891,ADM3,Mitsinjo,27891,MDG0287127891,2014,Low prevalence (less than 20%),PreSAC,10065,0,0,0.0,0,0,0,0,0,0,0,0,0,ALB/MBD,8
Africa,Eastern Africa,AFRO,Madagascar,26,MA,MG,MDG,Boeny,2871,Boeny,0,,Mitsinjo,27891,ADM3,Mitsinjo,27891,MDG0287127891,2014,Low prevalence (less than 20%),SAC,17300,17300,18000,104.05,1,1,1,1,104,1,1,1,1,ALB/MBD,8
Africa,Eastern Africa,AFRO,Madagascar,26,MA,MG,MDG,Boeny,2871,Boeny,0,,Mitsinjo,27891,ADM3,Mitsinjo,27891,MDG0287127891,2014,Low prevalence (less than 20%),Total,27365,17300,18000,104.05,1,1,1,1,65,1,0,1,0,ALB/MBD,8
Africa,Eastern Africa,AFRO,Madagascar,26,MA,MG,MDG,Boeny,2871,Boeny,0,,Soalala,27892,ADM3,Soalala,27892,MDG0287127892,2014,Low prevalence (less than 20%),PreSAC,8109,0,0,0.0,0,0,0,0,0,0,0,0,0,ALB/MBD,8
Africa,Eastern Africa,AFRO,Madagascar,26,MA,MG,MDG,Boeny,2871,Boeny,0,,Soalala,27892,ADM3,Soalala,27892,MDG0287127892,2014,Low prevalence (less than 20%),SAC,13937,13937,12000,86.1,1,1,1,1,86,1,1,1,1,ALB/MBD,8
Africa,Eastern Africa,AFRO,Madagascar,26,MA,MG,MDG,Boeny,2871,Boeny,0,,Soalala,27892,ADM3,Soalala,27892,MDG0287127892,2014,Low prevalence (less than 20%),Total,22046,13937,12000,86.1,1,1,1,1,54,1,0,1,0,ALB/MBD,8
Africa,Eastern Africa,AFRO,Madagascar,26,MA,MG,MDG,Bongolava,2872,Bongolava,0,,Fenoarivobe,27893,ADM3,Fenoarivobe,27893,MDG0287227893,2014,Moderate prevalence (20%-49%),PreSAC,22038,0,0,0.0,0,0,0,0,0,0,0,0,0,Not delivered,7
Africa,Eastern Africa,AFRO,Madagascar,26,MA,MG,MDG,Bongolava,2872,Bongolava,0,,Fenoarivobe,27893,ADM3,Fenoarivobe,27893,MDG0287227893,2014,Moderate prevalence (20%-49%),SAC,37877,0,0,0.0,0,0,0,0,0,0,0,0,0,Not delivered,7
Africa,Eastern Africa,AFRO,Madagascar,26,MA,MG,MDG,Bongolava,2872,Bongolava,0,,Fenoarivobe,27893,ADM3,Fenoarivobe,27893,MDG0287227893,2014,Moderate prevalence (20%-49%),Total,59915,0,0,0.0,0,0,0,0,0,0,0,0,0,Not delivered,7
Africa,Eastern Africa,AFRO,Madagascar,26,MA,MG,MDG,Bongolava,2872,Bongolava,0,,Tsiroanomandidy,27894,ADM3,Tsiroanomandidy,27894,MDG0287227894,2014,Moderate prevalence (20%-49%),PreSAC,55233,0,0,0.0,0,0,0,0,0,0,0,0,0,Not delivered,7
Africa,Eastern Africa,AFRO,Madagascar,26,MA,MG,MDG,Bongolava,2872,Bongolava,0,,Tsiroanomandidy,27894,ADM3,Tsiroanomandidy,27894,MDG0287227894,2014,Moderate prevalence (20%-49%),SAC,94931,0,0,0.0,0,0,0,0,0,0,0,0,0,Not delivered,7
Africa,Eastern Africa,AFRO,Madagascar,26,MA,MG,MDG,Bongolava,2872,Bongolava,0,,Tsiroanomandidy,27894,ADM3,Tsiroanomandidy,27894,MDG0287227894,2014,Moderate prevalence (20%-49%),Total,150164,0,0,0.0,0,0,0,0,0,0,0,0,0,Not delivered,7
Africa,Eastern Africa,AFRO,Madagascar,26,MA,MG,MDG,Diana,2873,Diana,0,,Ambanja,27895,ADM3,Ambanja,27895,MDG0287327895,2014,Moderate prevalence (20%-49%),PreSAC,32173,32173,16251,50.51,1,0,1,0,50,1,0,1,0,ALB+DEC,7
Africa,Eastern Africa,AFRO,Madagascar,26,MA,MG,MDG,Diana,2873,Diana,0,,Ambanja,27895,ADM3,Ambanja,27895,MDG0287327895,2014,Moderate prevalence (20%-49%),SAC,55298,55298,54000,97.65,1,1,1,1,97,1,1,1,1,ALB+DEC,7
Africa,Eastern Africa,AFRO,Madagascar,26,MA,MG,MDG,Diana,2873,Diana,0,,Ambanja,27895,ADM3,Ambanja,27895,MDG0287327895,2014,Moderate prevalence (20%-49%),Total,87471,87471,70251,80.31,1,1,1,1,80,1,1,1,1,ALB+DEC,7
Africa,Eastern Africa,AFRO,Madagascar,26,MA,MG,MDG,Diana,2873,Diana,0,,Ambilobe,27896,ADM3,Ambilobe,27896,MDG0287327896,2014,Moderate prevalence (20%-49%),PreSAC,36517,36517,22556,61.77,1,0,1,0,61,1,0,1,0,ALB+DEC,7
Africa,Eastern Africa,AFRO,Madagascar,26,MA,MG,MDG,Diana,2873,Diana,0,,Ambilobe,27896,ADM3,Ambilobe,27896,MDG0287327896,2014,Moderate prevalence (20%-49%),SAC,62763,62763,60000,95.6,1,1,1,1,95,1,1,1,1,ALB+DEC,7
Africa,Eastern Africa,AFRO,Madagascar,26,MA,MG,MDG,Diana,2873,Diana,0,,Ambilobe,27896,ADM3,Ambilobe,27896,MDG0287327896,2014,Moderate prevalence (20%-49%),Total,99280,99280,82556,83.15,1,1,1,1,83,1,1,1,1,ALB+DEC,7
Africa,Eastern Africa,AFRO,Madagascar,26,MA,MG,MDG,Diana,2873,Diana,0,,Antsiranana I,27897,ADM3,Antsiranana I,27897,MDG0287327897,2014,Low prevalence (less than 20%),PreSAC,19431,19431,8723,44.89,1,0,1,0,44,1,0,1,0,ALB+DEC,8
Africa,Eastern Africa,AFRO,Madagascar,26,MA,MG,MDG,Diana,2873,Diana,0,,Antsiranana I,27897,ADM3,Antsiranana I,27897,MDG0287327897,2014,Low prevalence (less than 20%),SAC,33397,33397,33000,98.81,1,1,1,1,98,1,1,1,1,ALB+DEC,8
Africa,Eastern Africa,AFRO,Madagascar,26,MA,MG,MDG,Diana,2873,Diana,0,,Antsiranana I,27897,ADM3,Antsiranana I,27897,MDG0287327897,2014,Low prevalence (less than 20%),Total,52828,52828,41723,78.98,1,1,1,1,78,1,1,1,1,ALB+DEC,8
Africa,Eastern Africa,AFRO,Madagascar,26,MA,MG,MDG,Diana,2873,Diana,0,,Antsiranana II,27898,ADM3,Antsiranana II,27898,MDG0287327898,2014,Low prevalence (less than 20%),PreSAC,17810,17810,12603,70.76,1,0,1,0,70,1,0,1,0,ALB+DEC,8
Africa,Eastern Africa,AFRO,Madagascar,26,MA,MG,MDG,Diana,2873,Diana,0,,Antsiranana II,27898,ADM3,Antsiranana II,27898,MDG0287327898,2014,Low prevalence (less than 20%),SAC,30610,30610,30000,98.01,1,1,1,1,98,1,1,1,1,ALB+DEC,8
Africa,Eastern Africa,AFRO,Madagascar,26,MA,MG,MDG,Diana,2873,Diana,0,,Antsiranana II,27898,ADM3,Antsiranana II,27898,MDG0287327898,2014,Low prevalence (less than 20%),Total,48420,48420,42603,87.99,1,1,1,1,87,1,1,1,1,ALB+DEC,8
Africa,Eastern Africa,AFRO,Madagascar,26,MA,MG,MDG,Diana,2873,Diana,0,,Nosy Be,27899,ADM3,Nosy Be,27899,MDG0287327899,2014,Moderate prevalence (20%-49%),PreSAC,12335,0,0,0.0,0,0,0,0,0,0,0,0,0,ALB/MBD,7
Africa,Eastern Africa,AFRO,Madagascar,26,MA,MG,MDG,Diana,2873,Diana,0,,Nosy Be,27899,ADM3,Nosy Be,27899,MDG0287327899,2014,Moderate prevalence (20%-49%),SAC,21200,21200,21000,99.06,1,1,1,1,99,1,1,1,1,ALB/MBD,7
Africa,Eastern Africa,AFRO,Madagascar,26,MA,MG,MDG,Diana,2873,Diana,0,,Nosy Be,27899,ADM3,Nosy Be,27899,MDG0287327899,2014,Moderate prevalence (20%-49%),Total,33535,21200,21000,99.06,1,1,1,1,62,1,0,1,0,ALB/MBD,7
Africa,Eastern Africa,AFRO,Madagascar,26,MA,MG,MDG,Haute Matsiatra,2874,Haute Matsiatra,0,,Ambalavao,27900,ADM3,Ambalavao,27900,MDG0287427900,2014,Moderate prevalence (20%-49%),PreSAC,35380,35380,25216,71.27,1,0,1,0,71,1,0,1,0,ALB+DEC,7
Africa,Eastern Africa,AFRO,Madagascar,26,MA,MG,MDG,Haute Matsiatra,2874,Haute Matsiatra,0,,Ambalavao,27900,ADM3,Ambalavao,27900,MDG0287427900,2014,Moderate prevalence (20%-49%),SAC,60809,60809,75988,124.96,1,1,1,1,124,1,1,1,1,ALB+DEC,7
Africa,Eastern Africa,AFRO,Madagascar,26,MA,MG,MDG,Haute Matsiatra,2874,Haute Matsiatra,0,,Ambalavao,27900,ADM3,Ambalavao,27900,MDG0287427900,2014,Moderate prevalence (20%-49%),Total,96189,96189,101204,105.21,1,1,1,1,105,1,1,1,1,ALB+DEC,7
Africa,Eastern Africa,AFRO,Madagascar,26,MA,MG,MDG,Haute Matsiatra,2874,Haute Matsiatra,0,,Ambohimahasoa,27901,ADM3,Ambohimahasoa,27901,MDG0287427901,2014,Low prevalence (less than 20%),PreSAC,36273,36273,27386,75.5,1,1,1,1,75,1,1,1,1,ALB+DEC,8
Africa,Eastern Africa,AFRO,Madagascar,26,MA,MG,MDG,Haute Matsiatra,2874,Haute Matsiatra,0,,Ambohimahasoa,27901,ADM3,Ambohimahasoa,27901,MDG0287427901,2014,Low prevalence (less than 20%),SAC,62344,62344,76505,122.71,1,1,1,1,122,1,1,1,1,ALB+DEC,8
Africa,Eastern Africa,AFRO,Madagascar,26,MA,MG,MDG,Haute Matsiatra,2874,Haute Matsiatra,0,,Ambohimahasoa,27901,ADM3,Ambohimahasoa,27901,MDG0287427901,2014,Low prevalence (less than 20%),Total,98617,98617,103891,105.35,1,1,1,1,105,1,1,1,1,ALB+DEC,8
Africa,Eastern Africa,AFRO,Madagascar,26,MA,MG,MDG,Haute Matsiatra,2874,Haute Matsiatra,0,,Fianarantsoa I,27902,ADM3,Fianarantsoa I,27902,MDG0287427902,2014,Moderate prevalence (20%-49%),PreSAC,32153,32153,14522,45.17,1,0,1,0,45,1,0,1,0,ALB+DEC,7
Africa,Eastern Africa,AFRO,Madagascar,26,MA,MG,MDG,Haute Matsiatra,2874,Haute Matsiatra,0,,Fianarantsoa I,27902,ADM3,Fianarantsoa I,27902,MDG0287427902,2014,Moderate prevalence (20%-49%),SAC,55264,55264,30718,55.58,1,0,1,0,55,1,0,1,0,ALB+DEC,7
Africa,Eastern Africa,AFRO,Madagascar,26,MA,MG,MDG,Haute Matsiatra,2874,Haute Matsiatra,0,,Fianarantsoa I,27902,ADM3,Fianarantsoa I,27902,MDG0287427902,2014,Moderate prevalence (20%-49%),Total,87417,87417,45240,51.75,1,0,1,0,51,1,0,1,0,ALB+DEC,7
Africa,Eastern Africa,AFRO,Madagascar,26,MA,MG,MDG,Haute Matsiatra,2874,Haute Matsiatra,0,,Fianarantsoa II,27903,ADM3,Fianarantsoa II,27903,MDG0287427903,2014,Moderate prevalence (20%-49%),PreSAC,83691,0,0,0.0,0,0,0,0,0,0,0,0,0,PZQ+ALB/MBD,7
Africa,Eastern Africa,AFRO,Madagascar,26,MA,MG,MDG,Haute Matsiatra,2874,Haute Matsiatra,0,,Fianarantsoa II,27903,ADM3,Fianarantsoa II,27903,MDG0287427903,2014,Moderate prevalence (20%-49%),SAC,143843,143843,153773,106.9,1,1,1,1,106,1,1,1,1,PZQ+ALB/MBD,7
Africa,Eastern Africa,AFRO,Madagascar,26,MA,MG,MDG,Haute Matsiatra,2874,Haute Matsiatra,0,,Fianarantsoa II,27903,ADM3,Fianarantsoa II,27903,MDG0287427903,2014,Moderate prevalence (20%-49%),Total,227534,143843,153773,106.9,1,1,1,1,67,1,0,1,0,PZQ+ALB/MBD,7
Africa,Eastern Africa,AFRO,Madagascar,26,MA,MG,MDG,Haute Matsiatra,2874,Haute Matsiatra,0,,Ikalamavony,27904,ADM3,Ikalamavony,27904,MDG0287427904,2014,Low prevalence (less than 20%),PreSAC,15099,15099,10971,72.66,1,0,1,0,72,1,0,1,0,ALB+DEC,8
Africa,Eastern Africa,AFRO,Madagascar,26,MA,MG,MDG,Haute Matsiatra,2874,Haute Matsiatra,0,,Ikalamavony,27904,ADM3,Ikalamavony,27904,MDG0287427904,2014,Low prevalence (less than 20%),SAC,25952,25952,31832,122.66,1,1,1,1,122,1,1,1,1,ALB+DEC,8
Africa,Eastern Africa,AFRO,Madagascar,26,MA,MG,MDG,Haute Matsiatra,2874,Haute Matsiatra,0,,Ikalamavony,27904,ADM3,Ikalamavony,27904,MDG0287427904,2014,Low prevalence (less than 20%),Total,41051,41051,42803,104.27,1,1,1,1,104,1,1,1,1,ALB+DEC,8
Africa,Eastern Africa,AFRO,Madagascar,26,MA,MG,MDG,Ihorombe,2875,Ihorombe,0,,Iakora,27905,ADM3,Iakora,27905,MDG0287527905,2014,Moderate prevalence (20%-49%),PreSAC,8516,8516,6201,72.82,1,0,1,0,72,1,0,1,0,ALB+DEC,7
Africa,Eastern Africa,AFRO,Madagascar,26,MA,MG,MDG,Ihorombe,2875,Ihorombe,0,,Iakora,27905,ADM3,Iakora,27905,MDG0287527905,2014,Moderate prevalence (20%-49%),SAC,14637,14637,15000,102.48,1,1,1,1,102,1,1,1,1,ALB+DEC,7
Africa,Eastern Africa,AFRO,Madagascar,26,MA,MG,MDG,Ihorombe,2875,Ihorombe,0,,Iakora,27905,ADM3,Iakora,27905,MDG0287527905,2014,Moderate prevalence (20%-49%),Total,23153,23153,21201,91.57,1,1,1,1,91,1,1,1,1,ALB+DEC,7
Africa,Eastern Africa,AFRO,Madagascar,26,MA,MG,MDG,Ihorombe,2875,Ihorombe,0,,Ihosy,27906,ADM3,Ihosy,27906,MDG0287527906,2014,Moderate prevalence (20%-49%),PreSAC,34359,34359,12001,34.93,1,0,1,0,34,1,0,1,0,ALB+DEC,7
Africa,Eastern Africa,AFRO,Madagascar,26,MA,MG,MDG,Ihorombe,2875,Ihorombe,0,,Ihosy,27906,ADM3,Ihosy,27906,MDG0287527906,2014,Moderate prevalence (20%-49%),SAC,59055,59055,57000,96.52,1,1,1,1,96,1,1,1,1,ALB+DEC,7
Africa,Eastern Africa,AFRO,Madagascar,26,MA,MG,MDG,Ihorombe,2875,Ihorombe,0,,Ihosy,27906,ADM3,Ihosy,27906,MDG0287527906,2014,Moderate prevalence (20%-49%),Total,93414,93414,69001,73.87,1,0,1,0,73,1,0,1,0,ALB+DEC,7
Africa,Eastern Africa,AFRO,Madagascar,26,MA,MG,MDG,Ihorombe,2875,Ihorombe,0,,Ivohibe,27907,ADM3,Ivohibe,27907,MDG0287527907,2014,Moderate prevalence (20%-49%),PreSAC,9888,9888,4992,50.49,1,0,1,0,50,1,0,1,0,ALB+DEC,7
Africa,Eastern Africa,AFRO,Madagascar,26,MA,MG,MDG,Ihorombe,2875,Ihorombe,0,,Ivohibe,27907,ADM3,Ivohibe,27907,MDG0287527907,2014,Moderate prevalence (20%-49%),SAC,16994,16994,15000,88.27,1,1,1,1,88,1,1,1,1,ALB+DEC,7
Africa,Eastern Africa,AFRO,Madagascar,26,MA,MG,MDG,Ihorombe,2875,Ihorombe,0,,Ivohibe,27907,ADM3,Ivohibe,27907,MDG0287527907,2014,Moderate prevalence (20%-49%),Total,26882,26882,19992,74.37,1,0,1,0,74,1,0,1,0,ALB+DEC,7
Africa,Eastern Africa,AFRO,Madagascar,26,MA,MG,MDG,Itasy,2876,Itasy,0,,Arivonimamo,27908,ADM3,Arivonimamo,27908,MDG0287627908,2014,Moderate prevalence (20%-49%),PreSAC,0,0,0,0.0,0,0,0,0,0,0,0,0,0,Not delivered,7
Africa,Eastern Africa,AFRO,Madagascar,26,MA,MG,MDG,Itasy,2876,Itasy,0,,Arivonimamo,27908,ADM3,Arivonimamo,27908,MDG0287627908,2014,Moderate prevalence (20%-49%),SAC,0,0,0,0.0,0,0,0,0,0,0,0,0,0,Not delivered,7
Africa,Eastern Africa,AFRO,Madagascar,26,MA,MG,MDG,Itasy,2876,Itasy,0,,Arivonimamo,27908,ADM3,Arivonimamo,27908,MDG0287627908,2014,Moderate prevalence (20%-49%),Total,0,0,0,0.0,0,0,0,0,0,0,0,0,0,Not delivered,7
Africa,Eastern Africa,AFRO,Madagascar,26,MA,MG,MDG,Itasy,2876,Itasy,0,,Miarinarivo,27909,ADM3,Miarinarivo,27909,MDG0287627909,2014,High prevalence (50% and above),PreSAC,40663,0,0,0.0,0,0,0,0,0,0,0,0,0,ALB/MBD,6
Africa,Eastern Africa,AFRO,Madagascar,26,MA,MG,MDG,Itasy,2876,Itasy,0,,Miarinarivo,27909,ADM3,Miarinarivo,27909,MDG0287627909,2014,High prevalence (50% and above),SAC,69889,69889,65120,93.18,1,1,1,1,93,1,1,1,1,ALB/MBD,6
Africa,Eastern Africa,AFRO,Madagascar,26,MA,MG,MDG,Itasy,2876,Itasy,0,,Miarinarivo,27909,ADM3,Miarinarivo,27909,MDG0287627909,2014,High prevalence (50% and above),Total,110552,69889,65120,93.18,1,1,1,1,58,1,0,1,0,ALB/MBD,6
Africa,Eastern Africa,AFRO,Madagascar,26,MA,MG,MDG,Itasy,2876,Itasy,0,,Soavinandriana,27910,ADM3,Soavinandriana,27910,MDG0287627910,2014,High prevalence (50% and above),PreSAC,31629,0,0,0.0,0,0,0,0,0,0,0,0,0,ALB/MBD,6
Africa,Eastern Africa,AFRO,Madagascar,26,MA,MG,MDG,Itasy,2876,Itasy,0,,Soavinandriana,27910,ADM3,Soavinandriana,27910,MDG0287627910,2014,High prevalence (50% and above),SAC,54363,54363,45498,83.69,1,1,1,1,83,1,1,1,1,ALB/MBD,6
Africa,Eastern Africa,AFRO,Madagascar,26,MA,MG,MDG,Itasy,2876,Itasy,0,,Soavinandriana,27910,ADM3,Soavinandriana,27910,MDG0287627910,2014,High prevalence (50% and above),Total,85992,54363,45498,83.69,1,1,1,1,52,1,0,1,0,ALB/MBD,6
Africa,Eastern Africa,AFRO,Madagascar,26,MA,MG,MDG,Melaky,2877,Melaky,0,,Ambatomainty,27911,ADM3,Ambatomainty,27911,MDG0287727911,2014,Non-endemic,PreSAC,0,0,0,0.0,0,0,0,0,0,0,0,0,0,Not delivered,0
Africa,Eastern Africa,AFRO,Madagascar,26,MA,MG,MDG,Melaky,2877,Melaky,0,,Ambatomainty,27911,ADM3,Ambatomainty,27911,MDG0287727911,2014,Non-endemic,SAC,0,0,0,0.0,0,0,0,0,0,0,0,0,0,Not delivered,0
Africa,Eastern Africa,AFRO,Madagascar,26,MA,MG,MDG,Melaky,2877,Melaky,0,,Ambatomainty,27911,ADM3,Ambatomainty,27911,MDG0287727911,2014,Non-endemic,Total,0,0,0,0.0,0,0,0,0,0,0,0,0,0,Not delivered,0
Africa,Eastern Africa,AFRO,Madagascar,26,MA,MG,MDG,Melaky,2877,Melaky,0,,Antsalova,27912,ADM3,Antsalova,27912,MDG0287727912,2014,Moderate prevalence (20%-49%),PreSAC,0,0,0,0.0,0,0,0,0,0,0,0,0,0,Not delivered,7
Africa,Eastern Africa,AFRO,Madagascar,26,MA,MG,MDG,Melaky,2877,Melaky,0,,Antsalova,27912,ADM3,Antsalova,27912,MDG0287727912,2014,Moderate prevalence (20%-49%),SAC,0,0,0,0.0,0,0,0,0,0,0,0,0,0,Not delivered,7
Africa,Eastern Africa,AFRO,Madagascar,26,MA,MG,MDG,Melaky,2877,Melaky,0,,Antsalova,27912,ADM3,Antsalova,27912,MDG0287727912,2014,Moderate prevalence (20%-49%),Total,0,0,0,0.0,0,0,0,0,0,0,0,0,0,Not delivered,7
Africa,Eastern Africa,AFRO,Madagascar,26,MA,MG,MDG,Melaky,2877,Melaky,0,,Besalampy,27913,ADM3,Besalampy,27913,MDG0287727913,2014,Low prevalence (less than 20%),PreSAC,0,0,0,0.0,0,0,0,0,0,0,0,0,0,Not delivered,8
Africa,Eastern Africa,AFRO,Madagascar,26,MA,MG,MDG,Melaky,2877,Melaky,0,,Besalampy,27913,ADM3,Besalampy,27913,MDG0287727913,2014,Low prevalence (less than 20%),SAC,0,0,0,0.0,0,0,0,0,0,0,0,0,0,Not delivered,8
Africa,Eastern Africa,AFRO,Madagascar,26,MA,MG,MDG,Melaky,2877,Melaky,0,,Besalampy,27913,ADM3,Besalampy,27913,MDG0287727913,2014,Low prevalence (less than 20%),Total,0,0,0,0.0,0,0,0,0,0,0,0,0,0,Not delivered,8
Africa,Eastern Africa,AFRO,Madagascar,26,MA,MG,MDG,Melaky,2877,Melaky,0,,Maintirano,27914,ADM3,Maintirano,27914,MDG0287727914,2014,Low prevalence (less than 20%),PreSAC,0,0,0,0.0,0,0,0,0,0,0,0,0,0,Not delivered,8
Africa,Eastern Africa,AFRO,Madagascar,26,MA,MG,MDG,Melaky,2877,Melaky,0,,Maintirano,27914,ADM3,Maintirano,27914,MDG0287727914,2014,Low prevalence (less than 20%),SAC,0,0,0,0.0,0,0,0,0,0,0,0,0,0,Not delivered,8
Africa,Eastern Africa,AFRO,Madagascar,26,MA,MG,MDG,Melaky,2877,Melaky,0,,Maintirano,27914,ADM3,Maintirano,27914,MDG0287727914,2014,Low prevalence (less than 20%),Total,0,0,0,0.0,0,0,0,0,0,0,0,0,0,Not delivered,8
Africa,Eastern Africa,AFRO,Madagascar,26,MA,MG,MDG,Melaky,2877,Melaky,0,,Morafenobe,27915,ADM3,Morafenobe,27915,MDG0287727915,2014,Low prevalence (less than 20%),PreSAC,0,0,0,0.0,0,0,0,0,0,0,0,0,0,Not delivered,8
Africa,Eastern Africa,AFRO,Madagascar,26,MA,MG,MDG,Melaky,2877,Melaky,0,,Morafenobe,27915,ADM3,Morafenobe,27915,MDG0287727915,2014,Low prevalence (less than 20%),SAC,0,0,0,0.0,0,0,0,0,0,0,0,0,0,Not delivered,8
Africa,Eastern Africa,AFRO,Madagascar,26,MA,MG,MDG,Melaky,2877,Melaky,0,,Morafenobe,27915,ADM3,Morafenobe,27915,MDG0287727915,2014,Low prevalence (less than 20%),Total,0,0,0,0.0,0,0,0,0,0,0,0,0,0,Not delivered,8
Africa,Eastern Africa,AFRO,Madagascar,26,MA,MG,MDG,Menabe,2878,Menabe,0,,Belo Tsiribihina,27916,ADM3,Belo Tsiribihina,27916,MDG0287827916,2014,Low prevalence (less than 20%),PreSAC,20972,0,0,0.0,0,0,0,0,0,0,0,0,0,ALB/MBD,8
Africa,Eastern Africa,AFRO,Madagascar,26,MA,MG,MDG,Menabe,2878,Menabe,0,,Belo Tsiribihina,27916,ADM3,Belo Tsiribihina,27916,MDG0287827916,2014,Low prevalence (less than 20%),SAC,36046,36046,33000,91.55,1,1,1,1,91,1,1,1,1,ALB/MBD,8
Africa,Eastern Africa,AFRO,Madagascar,26,MA,MG,MDG,Menabe,2878,Menabe,0,,Belo Tsiribihina,27916,ADM3,Belo Tsiribihina,27916,MDG0287827916,2014,Low prevalence (less than 20%),Total,57018,36046,33000,91.55,1,1,1,1,57,1,0,1,0,ALB/MBD,8
Africa,Eastern Africa,AFRO,Madagascar,26,MA,MG,MDG,Menabe,2878,Menabe,0,,Mahabo,27917,ADM3,Mahabo,27917,MDG0287827917,2014,Moderate prevalence (20%-49%),PreSAC,23912,0,0,0.0,0,0,0,0,0,0,0,0,0,ALB/MBD,7
Africa,Eastern Africa,AFRO,Madagascar,26,MA,MG,MDG,Menabe,2878,Menabe,0,,Mahabo,27917,ADM3,Mahabo,27917,MDG0287827917,2014,Moderate prevalence (20%-49%),SAC,41099,41099,39000,94.89,1,1,1,1,94,1,1,1,1,ALB/MBD,7
Africa,Eastern Africa,AFRO,Madagascar,26,MA,MG,MDG,Menabe,2878,Menabe,0,,Mahabo,27917,ADM3,Mahabo,27917,MDG0287827917,2014,Moderate prevalence (20%-49%),Total,65011,41099,39000,94.89,1,1,1,1,59,1,0,1,0,ALB/MBD,7
Africa,Eastern Africa,AFRO,Madagascar,26,MA,MG,MDG,Menabe,2878,Menabe,0,,Manja,27918,ADM3,Manja,27918,MDG0287827918,2014,Low prevalence (less than 20%),PreSAC,12700,0,0,0.0,0,0,0,0,0,0,0,0,0,ALB/MBD,8
Africa,Eastern Africa,AFRO,Madagascar,26,MA,MG,MDG,Menabe,2878,Menabe,0,,Manja,27918,ADM3,Manja,27918,MDG0287827918,2014,Low prevalence (less than 20%),SAC,21829,21829,21000,96.2,1,1,1,1,96,1,1,1,1,ALB/MBD,8
Africa,Eastern Africa,AFRO,Madagascar,26,MA,MG,MDG,Menabe,2878,Menabe,0,,Manja,27918,ADM3,Manja,27918,MDG0287827918,2014,Low prevalence (less than 20%),Total,34529,21829,21000,96.2,1,1,1,1,60,1,0,1,0,ALB/MBD,8
Africa,Eastern Africa,AFRO,Madagascar,26,MA,MG,MDG,Menabe,2878,Menabe,0,,Miandrivazo,27919,ADM3,Miandrivazo,27919,MDG0287827919,2014,Low prevalence (less than 20%),PreSAC,22096,0,0,0.0,0,0,0,0,0,0,0,0,0,ALB/MBD,8
Africa,Eastern Africa,AFRO,Madagascar,26,MA,MG,MDG,Menabe,2878,Menabe,0,,Miandrivazo,27919,ADM3,Miandrivazo,27919,MDG0287827919,2014,Low prevalence (less than 20%),SAC,37978,37978,36000,94.79,1,1,1,1,94,1,1,1,1,ALB/MBD,8
Africa,Eastern Africa,AFRO,Madagascar,26,MA,MG,MDG,Menabe,2878,Menabe,0,,Miandrivazo,27919,ADM3,Miandrivazo,27919,MDG0287827919,2014,Low prevalence (less than 20%),Total,60074,37978,36000,94.79,1,1,1,1,59,1,0,1,0,ALB/MBD,8
Africa,Eastern Africa,AFRO,Madagascar,26,MA,MG,MDG,Menabe,2878,Menabe,0,,Morondava,27920,ADM3,Morondava,27920,MDG0287827920,2014,Moderate prevalence (20%-49%),PreSAC,20353,0,0,0.0,0,0,0,0,0,0,0,0,0,ALB/MBD,7
Africa,Eastern Africa,AFRO,Madagascar,26,MA,MG,MDG,Menabe,2878,Menabe,0,,Morondava,27920,ADM3,Morondava,27920,MDG0287827920,2014,Moderate prevalence (20%-49%),SAC,34982,34982,33000,94.33,1,1,1,1,94,1,1,1,1,ALB/MBD,7
Africa,Eastern Africa,AFRO,Madagascar,26,MA,MG,MDG,Menabe,2878,Menabe,0,,Morondava,27920,ADM3,Morondava,27920,MDG0287827920,2014,Moderate prevalence (20%-49%),Total,55335,34982,33000,94.33,1,1,1,1,59,1,0,1,0,ALB/MBD,7
Africa,Eastern Africa,AFRO,Madagascar,26,MA,MG,MDG,Sava,2879,Sava,0,,Andapa,27921,ADM3,Andapa,27921,MDG0287927921,2014,High prevalence (50% and above),PreSAC,32080,32080,19201,59.85,1,0,1,0,59,1,0,1,0,ALB+DEC,6
Africa,Eastern Africa,AFRO,Madagascar,26,MA,MG,MDG,Sava,2879,Sava,0,,Andapa,27921,ADM3,Andapa,27921,MDG0287927921,2014,High prevalence (50% and above),SAC,55137,55137,54000,97.94,1,1,1,1,97,1,1,1,1,ALB+DEC,6
Africa,Eastern Africa,AFRO,Madagascar,26,MA,MG,MDG,Sava,2879,Sava,0,,Andapa,27921,ADM3,Andapa,27921,MDG0287927921,2014,High prevalence (50% and above),Total,87217,87217,73201,83.93,1,1,1,1,83,1,1,1,1,ALB+DEC,6
Africa,Eastern Africa,AFRO,Madagascar,26,MA,MG,MDG,Sava,2879,Sava,0,,Antalaha,27922,ADM3,Antalaha,27922,MDG0287927922,2014,High prevalence (50% and above),PreSAC,39107,39107,23966,61.28,1,0,1,0,61,1,0,1,0,ALB+DEC,6
Africa,Eastern Africa,AFRO,Madagascar,26,MA,MG,MDG,Sava,2879,Sava,0,,Antalaha,27922,ADM3,Antalaha,27922,MDG0287927922,2014,High prevalence (50% and above),SAC,67216,67216,63000,93.73,1,1,1,1,93,1,1,1,1,ALB+DEC,6
Africa,Eastern Africa,AFRO,Madagascar,26,MA,MG,MDG,Sava,2879,Sava,0,,Antalaha,27922,ADM3,Antalaha,27922,MDG0287927922,2014,High prevalence (50% and above),Total,106323,106323,86966,81.79,1,1,1,1,81,1,1,1,1,ALB+DEC,6
Africa,Eastern Africa,AFRO,Madagascar,26,MA,MG,MDG,Sava,2879,Sava,0,,Sambava,27923,ADM3,Sambava,27923,MDG0287927923,2014,High prevalence (50% and above),PreSAC,51421,51421,39492,76.8,1,1,1,1,76,1,1,1,1,ALB+DEC,6
Africa,Eastern Africa,AFRO,Madagascar,26,MA,MG,MDG,Sava,2879,Sava,0,,Sambava,27923,ADM3,Sambava,27923,MDG0287927923,2014,High prevalence (50% and above),SAC,88380,88380,84000,95.04,1,1,1,1,95,1,1,1,1,ALB+DEC,6
Africa,Eastern Africa,AFRO,Madagascar,26,MA,MG,MDG,Sava,2879,Sava,0,,Sambava,27923,ADM3,Sambava,27923,MDG0287927923,2014,High prevalence (50% and above),Total,139801,139801,123492,88.33,1,1,1,1,88,1,1,1,1,ALB+DEC,6
Africa,Eastern Africa,AFRO,Madagascar,26,MA,MG,MDG,Sava,2879,Sava,0,,VohÃ©mar,27924,ADM3,VohÃ©mar,27924,MDG0287927924,2014,High prevalence (50% and above),PreSAC,43095,43095,31889,74.0,1,0,1,0,73,1,0,1,0,ALB+DEC,6
Africa,Eastern Africa,AFRO,Madagascar,26,MA,MG,MDG,Sava,2879,Sava,0,,VohÃ©mar,27924,ADM3,VohÃ©mar,27924,MDG0287927924,2014,High prevalence (50% and above),SAC,74069,74069,72000,97.21,1,1,1,1,97,1,1,1,1,ALB+DEC,6
Africa,Eastern Africa,AFRO,Madagascar,26,MA,MG,MDG,Sava,2879,Sava,0,,VohÃ©mar,27924,ADM3,VohÃ©mar,27924,MDG0287927924,2014,High prevalence (50% and above),Total,117164,117164,103889,88.67,1,1,1,1,88,1,1,1,1,ALB+DEC,6
Africa,Eastern Africa,AFRO,Madagascar,26,MA,MG,MDG,Sofia,2880,Sofia,0,,Analalava,27925,ADM3,Analalava,27925,MDG0288027925,2014,Moderate prevalence (20%-49%),PreSAC,25117,25117,13925,55.44,1,0,1,0,55,1,0,1,0,ALB+DEC,7
Africa,Eastern Africa,AFRO,Madagascar,26,MA,MG,MDG,Sofia,2880,Sofia,0,,Analalava,27925,ADM3,Analalava,27925,MDG0288027925,2014,Moderate prevalence (20%-49%),SAC,43170,43170,42000,97.29,1,1,1,1,97,1,1,1,1,ALB+DEC,7
Africa,Eastern Africa,AFRO,Madagascar,26,MA,MG,MDG,Sofia,2880,Sofia,0,,Analalava,27925,ADM3,Analalava,27925,MDG0288027925,2014,Moderate prevalence (20%-49%),Total,68287,68287,55925,81.9,1,1,1,1,81,1,1,1,1,ALB+DEC,7
Africa,Eastern Africa,AFRO,Madagascar,26,MA,MG,MDG,Sofia,2880,Sofia,0,,Antsohihy,27926,ADM3,Antsohihy,27926,MDG0288027926,2014,Low prevalence (less than 20%),PreSAC,23219,23219,13512,58.19,1,0,1,0,58,1,0,1,0,ALB+DEC,8
Africa,Eastern Africa,AFRO,Madagascar,26,MA,MG,MDG,Sofia,2880,Sofia,0,,Antsohihy,27926,ADM3,Antsohihy,27926,MDG0288027926,2014,Low prevalence (less than 20%),SAC,39907,39907,39000,97.73,1,1,1,1,97,1,1,1,1,ALB+DEC,8
Africa,Eastern Africa,AFRO,Madagascar,26,MA,MG,MDG,Sofia,2880,Sofia,0,,Antsohihy,27926,ADM3,Antsohihy,27926,MDG0288027926,2014,Low prevalence (less than 20%),Total,63126,63126,52512,83.19,1,1,1,1,83,1,1,1,1,ALB+DEC,8
Africa,Eastern Africa,AFRO,Madagascar,26,MA,MG,MDG,Sofia,2880,Sofia,0,,Bealanana,27927,ADM3,Bealanana,27927,MDG0288027927,2014,Low prevalence (less than 20%),PreSAC,24160,24160,16571,68.59,1,0,1,0,68,1,0,1,0,ALB+DEC,8
Africa,Eastern Africa,AFRO,Madagascar,26,MA,MG,MDG,Sofia,2880,Sofia,0,,Bealanana,27927,ADM3,Bealanana,27927,MDG0288027927,2014,Low prevalence (less than 20%),SAC,41525,41525,39000,93.92,1,1,1,1,93,1,1,1,1,ALB+DEC,8
Africa,Eastern Africa,AFRO,Madagascar,26,MA,MG,MDG,Sofia,2880,Sofia,0,,Bealanana,27927,ADM3,Bealanana,27927,MDG0288027927,2014,Low prevalence (less than 20%),Total,65685,65685,55571,84.6,1,1,1,1,84,1,1,1,1,ALB+DEC,8
Africa,Eastern Africa,AFRO,Madagascar,26,MA,MG,MDG,Sofia,2880,Sofia,0,,Befandriana Nord,27928,ADM3,Befandriana Nord,27928,MDG0288027928,2014,Low prevalence (less than 20%),PreSAC,40730,40730,29846,73.28,1,0,1,0,73,1,0,1,0,ALB+DEC,8
Africa,Eastern Africa,AFRO,Madagascar,26,MA,MG,MDG,Sofia,2880,Sofia,0,,Befandriana Nord,27928,ADM3,Befandriana Nord,27928,MDG0288027928,2014,Low prevalence (less than 20%),SAC,70004,70004,66000,94.28,1,1,1,1,94,1,1,1,1,ALB+DEC,8
Africa,Eastern Africa,AFRO,Madagascar,26,MA,MG,MDG,Sofia,2880,Sofia,0,,Befandriana Nord,27928,ADM3,Befandriana Nord,27928,MDG0288027928,2014,Low prevalence (less than 20%),Total,110734,110734,95846,86.56,1,1,1,1,86,1,1,1,1,ALB+DEC,8
Africa,Eastern Africa,AFRO,Madagascar,26,MA,MG,MDG,Sofia,2880,Sofia,0,,Mampikony,27929,ADM3,Mampikony,27929,MDG0288027929,2014,Non-endemic,PreSAC,22599,0,0,0.0,0,0,0,0,0,0,0,0,0,ALB/MBD,0
Africa,Eastern Africa,AFRO,Madagascar,26,MA,MG,MDG,Sofia,2880,Sofia,0,,Mampikony,27929,ADM3,Mampikony,27929,MDG0288027929,2014,Non-endemic,SAC,38842,38842,36000,92.68,1,1,1,1,92,1,1,1,1,ALB/MBD,0
Africa,Eastern Africa,AFRO,Madagascar,26,MA,MG,MDG,Sofia,2880,Sofia,0,,Mampikony,27929,ADM3,Mampikony,27929,MDG0288027929,2014,Non-endemic,Total,61441,38842,36000,92.68,1,1,1,1,58,1,0,1,0,ALB/MBD,0
Africa,Eastern Africa,AFRO,Madagascar,26,MA,MG,MDG,Sofia,2880,Sofia,0,,Mandritsara,27930,ADM3,Mandritsara,27930,MDG0288027930,2014,Low prevalence (less than 20%),PreSAC,42910,42910,30736,71.63,1,0,1,0,71,1,0,1,0,ALB+DEC,8
Africa,Eastern Africa,AFRO,Madagascar,26,MA,MG,MDG,Sofia,2880,Sofia,0,,Mandritsara,27930,ADM3,Mandritsara,27930,MDG0288027930,2014,Low prevalence (less than 20%),SAC,73751,73751,69000,93.56,1,1,1,1,93,1,1,1,1,ALB+DEC,8
Africa,Eastern Africa,AFRO,Madagascar,26,MA,MG,MDG,Sofia,2880,Sofia,0,,Mandritsara,27930,ADM3,Mandritsara,27930,MDG0288027930,2014,Low prevalence (less than 20%),Total,116661,116661,99736,85.49,1,1,1,1,85,1,1,1,1,ALB+DEC,8
Africa,Eastern Africa,AFRO,Madagascar,26,MA,MG,MDG,Sofia,2880,Sofia,0,,Port BergÃ©,27931,ADM3,Port BergÃ©,27931,MDG0288027931,2014,Low prevalence (less than 20%),PreSAC,31947,0,0,0.0,0,0,0,0,0,0,0,0,0,ALB/MBD,8
Africa,Eastern Africa,AFRO,Madagascar,26,MA,MG,MDG,Sofia,2880,Sofia,0,,Port BergÃ©,27931,ADM3,Port BergÃ©,27931,MDG0288027931,2014,Low prevalence (less than 20%),SAC,54909,54909,41000,74.67,1,0,1,0,74,1,0,1,0,ALB/MBD,8
Africa,Eastern Africa,AFRO,Madagascar,26,MA,MG,MDG,Sofia,2880,Sofia,0,,Port BergÃ©,27931,ADM3,Port BergÃ©,27931,MDG0288027931,2014,Low prevalence (less than 20%),Total,86856,54909,41000,74.67,1,0,1,0,47,1,0,1,0,ALB/MBD,8
Africa,Eastern Africa,AFRO,Madagascar,26,MA,MG,MDG,Vakinankaratra,2881,Vakinankaratra,0,,Ambatolampy,27932,ADM3,Ambatolampy,27932,MDG0288127932,2014,High prevalence (50% and above),PreSAC,0,0,0,0.0,0,0,0,0,0,0,0,0,0,Not delivered,6
Africa,Eastern Africa,AFRO,Madagascar,26,MA,MG,MDG,Vakinankaratra,2881,Vakinankaratra,0,,Ambatolampy,27932,ADM3,Ambatolampy,27932,MDG0288127932,2014,High prevalence (50% and above),SAC,0,0,0,0.0,0,0,0,0,0,0,0,0,0,Not delivered,6
Africa,Eastern Africa,AFRO,Madagascar,26,MA,MG,MDG,Vakinankaratra,2881,Vakinankaratra,0,,Ambatolampy,27932,ADM3,Ambatolampy,27932,MDG0288127932,2014,High prevalence (50% and above),Total,0,0,0,0.0,0,0,0,0,0,0,0,0,0,Not delivered,6
Africa,Eastern Africa,AFRO,Madagascar,26,MA,MG,MDG,Vakinankaratra,2881,Vakinankaratra,0,,Antanifotsy,27933,ADM3,Antanifotsy,27933,MDG0288127933,2014,High prevalence (50% and above),PreSAC,0,0,0,0.0,0,0,0,0,0,0,0,0,0,Not delivered,6
Africa,Eastern Africa,AFRO,Madagascar,26,MA,MG,MDG,Vakinankaratra,2881,Vakinankaratra,0,,Antanifotsy,27933,ADM3,Antanifotsy,27933,MDG0288127933,2014,High prevalence (50% and above),SAC,0,0,0,0.0,0,0,0,0,0,0,0,0,0,Not delivered,6
Africa,Eastern Africa,AFRO,Madagascar,26,MA,MG,MDG,Vakinankaratra,2881,Vakinankaratra,0,,Antanifotsy,27933,ADM3,Antanifotsy,27933,MDG0288127933,2014,High prevalence (50% and above),Total,0,0,0,0.0,0,0,0,0,0,0,0,0,0,Not delivered,6
Africa,Eastern Africa,AFRO,Madagascar,26,MA,MG,MDG,Vakinankaratra,2881,Vakinankaratra,0,,Antsirabe I,27934,ADM3,Antsirabe I,27934,MDG0288127934,2014,High prevalence (50% and above),PreSAC,40290,0,0,0.0,0,0,0,0,0,0,0,0,0,Not delivered,6
Africa,Eastern Africa,AFRO,Madagascar,26,MA,MG,MDG,Vakinankaratra,2881,Vakinankaratra,0,,Antsirabe I,27934,ADM3,Antsirabe I,27934,MDG0288127934,2014,High prevalence (50% and above),SAC,69248,0,0,0.0,0,0,0,0,0,0,0,0,0,Not delivered,6
Africa,Eastern Africa,AFRO,Madagascar,26,MA,MG,MDG,Vakinankaratra,2881,Vakinankaratra,0,,Antsirabe I,27934,ADM3,Antsirabe I,27934,MDG0288127934,2014,High prevalence (50% and above),Total,109538,0,0,0.0,0,0,0,0,0,0,0,0,0,Not delivered,6
Africa,Eastern Africa,AFRO,Madagascar,26,MA,MG,MDG,Vakinankaratra,2881,Vakinankaratra,0,,Antsirabe II,27935,ADM3,Antsirabe II,27935,MDG0288127935,2014,High prevalence (50% and above),PreSAC,68652,0,0,0.0,0,0,0,0,0,0,0,0,0,Not delivered,6
Africa,Eastern Africa,AFRO,Madagascar,26,MA,MG,MDG,Vakinankaratra,2881,Vakinankaratra,0,,Antsirabe II,27935,ADM3,Antsirabe II,27935,MDG0288127935,2014,High prevalence (50% and above),SAC,117995,0,0,0.0,0,0,0,0,0,0,0,0,0,Not delivered,6
Africa,Eastern Africa,AFRO,Madagascar,26,MA,MG,MDG,Vakinankaratra,2881,Vakinankaratra,0,,Antsirabe II,27935,ADM3,Antsirabe II,27935,MDG0288127935,2014,High prevalence (50% and above),Total,186647,0,0,0.0,0,0,0,0,0,0,0,0,0,Not delivered,6
Africa,Eastern Africa,AFRO,Madagascar,26,MA,MG,MDG,Vakinankaratra,2881,Vakinankaratra,0,,Betafo,27936,ADM3,Betafo,27936,MDG0288127936,2014,Moderate prevalence (20%-49%),PreSAC,0,0,0,0.0,0,0,0,0,0,0,0,0,0,Not delivered,7
Africa,Eastern Africa,AFRO,Madagascar,26,MA,MG,MDG,Vakinankaratra,2881,Vakinankaratra,0,,Betafo,27936,ADM3,Betafo,27936,MDG0288127936,2014,Moderate prevalence (20%-49%),SAC,0,0,0,0.0,0,0,0,0,0,0,0,0,0,Not delivered,7
Africa,Eastern Africa,AFRO,Madagascar,26,MA,MG,MDG,Vakinankaratra,2881,Vakinankaratra,0,,Betafo,27936,ADM3,Betafo,27936,MDG0288127936,2014,Moderate prevalence (20%-49%),Total,0,0,0,0.0,0,0,0,0,0,0,0,0,0,Not delivered,7
Africa,Eastern Africa,AFRO,Madagascar,26,MA,MG,MDG,Vakinankaratra,2881,Vakinankaratra,0,,Faratsiho,27937,ADM3,Faratsiho,27937,MDG0288127937,2014,High prevalence (50% and above),PreSAC,0,0,0,0.0,0,0,0,0,0,0,0,0,0,Not delivered,6
Africa,Eastern Africa,AFRO,Madagascar,26,MA,MG,MDG,Vakinankaratra,2881,Vakinankaratra,0,,Faratsiho,27937,ADM3,Faratsiho,27937,MDG0288127937,2014,High prevalence (50% and above),SAC,0,0,0,0.0,0,0,0,0,0,0,0,0,0,Not delivered,6
Africa,Eastern Africa,AFRO,Madagascar,26,MA,MG,MDG,Vakinankaratra,2881,Vakinankaratra,0,,Faratsiho,27937,ADM3,Faratsiho,27937,MDG0288127937,2014,High prevalence (50% and above),Total,0,0,0,0.0,0,0,0,0,0,0,0,0,0,Not delivered,6
Africa,Eastern Africa,AFRO,Madagascar,26,MA,MG,MDG,Vatovavy- Fitovinany,2882,Vatovavy Fitovinany,0,,Ifanadiana,27938,ADM3,Ifanadiana,27938,MDG0288227938,2014,High prevalence (50% and above),PreSAC,26064,26064,22705,87.11,1,1,1,1,87,1,1,1,1,ALB+DEC,6
Africa,Eastern Africa,AFRO,Madagascar,26,MA,MG,MDG,Vatovavy- Fitovinany,2882,Vatovavy Fitovinany,0,,Ifanadiana,27938,ADM3,Ifanadiana,27938,MDG0288227938,2014,High prevalence (50% and above),SAC,44797,44797,61354,136.96,1,1,1,1,136,1,1,1,1,ALB+DEC,6
Africa,Eastern Africa,AFRO,Madagascar,26,MA,MG,MDG,Vatovavy- Fitovinany,2882,Vatovavy Fitovinany,0,,Ifanadiana,27938,ADM3,Ifanadiana,27938,MDG0288227938,2014,High prevalence (50% and above),Total,70861,70861,84059,118.63,1,1,1,1,118,1,1,1,1,ALB+DEC,6
Africa,Eastern Africa,AFRO,Madagascar,26,MA,MG,MDG,Vatovavy- Fitovinany,2882,Vatovavy Fitovinany,0,,Ikongo,27939,ADM3,Ikongo,27939,MDG0288227939,2014,High prevalence (50% and above),PreSAC,31433,31433,29055,92.43,1,1,1,1,92,1,1,1,1,ALB+DEC,6
Africa,Eastern Africa,AFRO,Madagascar,26,MA,MG,MDG,Vatovavy- Fitovinany,2882,Vatovavy Fitovinany,0,,Ikongo,27939,ADM3,Ikongo,27939,MDG0288227939,2014,High prevalence (50% and above),SAC,54026,54026,70350,130.22,1,1,1,1,130,1,1,1,1,ALB+DEC,6
Africa,Eastern Africa,AFRO,Madagascar,26,MA,MG,MDG,Vatovavy- Fitovinany,2882,Vatovavy Fitovinany,0,,Ikongo,27939,ADM3,Ikongo,27939,MDG0288227939,2014,High prevalence (50% and above),Total,85459,85459,99405,116.32,1,1,1,1,116,1,1,1,1,ALB+DEC,6
Africa,Eastern Africa,AFRO,Madagascar,26,MA,MG,MDG,Vatovavy- Fitovinany,2882,Vatovavy Fitovinany,0,,Manakara,27940,ADM3,Manakara,27940,MDG0288227940,2014,High prevalence (50% and above),PreSAC,61737,61737,48802,79.05,1,1,1,1,79,1,1,1,1,ALB+DEC,6
Africa,Eastern Africa,AFRO,Madagascar,26,MA,MG,MDG,Vatovavy- Fitovinany,2882,Vatovavy Fitovinany,0,,Manakara,27940,ADM3,Manakara,27940,MDG0288227940,2014,High prevalence (50% and above),SAC,106111,106111,118561,111.73,1,1,1,1,111,1,1,1,1,ALB+DEC,6
Africa,Eastern Africa,AFRO,Madagascar,26,MA,MG,MDG,Vatovavy- Fitovinany,2882,Vatovavy Fitovinany,0,,Manakara,27940,ADM3,Manakara,27940,MDG0288227940,2014,High prevalence (50% and above),Total,167848,167848,167363,99.71,1,1,1,1,99,1,1,1,1,ALB+DEC,6
Africa,Eastern Africa,AFRO,Madagascar,26,MA,MG,MDG,Vatovavy- Fitovinany,2882,Vatovavy Fitovinany,0,,Mananjary,27941,ADM3,Mananjary,27941,MDG0288227941,2014,High prevalence (50% and above),PreSAC,53544,53544,46795,87.4,1,1,1,1,87,1,1,1,1,ALB+DEC,6
Africa,Eastern Africa,AFRO,Madagascar,26,MA,MG,MDG,Vatovavy- Fitovinany,2882,Vatovavy Fitovinany,0,,Mananjary,27941,ADM3,Mananjary,27941,MDG0288227941,2014,High prevalence (50% and above),SAC,92028,92028,101325,110.1,1,1,1,1,110,1,1,1,1,ALB+DEC,6
Africa,Eastern Africa,AFRO,Madagascar,26,MA,MG,MDG,Vatovavy- Fitovinany,2882,Vatovavy Fitovinany,0,,Mananjary,27941,ADM3,Mananjary,27941,MDG0288227941,2014,High prevalence (50% and above),Total,145572,145572,148120,101.75,1,1,1,1,101,1,1,1,1,ALB+DEC,6
Africa,Eastern Africa,AFRO,Madagascar,26,MA,MG,MDG,Vatovavy- Fitovinany,2882,Vatovavy Fitovinany,0,,Nosy Varika,27942,ADM3,Nosy Varika,27942,MDG0288227942,2014,High prevalence (50% and above),PreSAC,40790,40790,43616,106.93,1,1,1,1,106,1,1,1,1,ALB+DEC,6
Africa,Eastern Africa,AFRO,Madagascar,26,MA,MG,MDG,Vatovavy- Fitovinany,2882,Vatovavy Fitovinany,0,,Nosy Varika,27942,ADM3,Nosy Varika,27942,MDG0288227942,2014,High prevalence (50% and above),SAC,70107,70107,104870,149.59,1,1,1,1,149,1,1,1,1,ALB+DEC,6
Africa,Eastern Africa,AFRO,Madagascar,26,MA,MG,MDG,Vatovavy- Fitovinany,2882,Vatovavy Fitovinany,0,,Nosy Varika,27942,ADM3,Nosy Varika,27942,MDG0288227942,2014,High prevalence (50% and above),Total,110897,110897,148486,133.9,1,1,1,1,133,1,1,1,1,ALB+DEC,6
Africa,Eastern Africa,AFRO,Madagascar,26,MA,MG,MDG,Vatovavy- Fitovinany,2882,Vatovavy Fitovinany,0,,Vohipeno,27943,ADM3,Vohipeno,27943,MDG0288227943,2014,High prevalence (50% and above),PreSAC,25737,25737,18521,71.96,1,0,1,0,71,1,0,1,0,ALB+DEC,6
Africa,Eastern Africa,AFRO,Madagascar,26,MA,MG,MDG,Vatovavy- Fitovinany,2882,Vatovavy Fitovinany,0,,Vohipeno,27943,ADM3,Vohipeno,27943,MDG0288227943,2014,High prevalence (50% and above),SAC,44235,44235,40273,91.04,1,1,1,1,91,1,1,1,1,ALB+DEC,6
Africa,Eastern Africa,AFRO,Madagascar,26,MA,MG,MDG,Vatovavy- Fitovinany,2882,Vatovavy Fitovinany,0,,Vohipeno,27943,ADM3,Vohipeno,27943,MDG0288227943,2014,High prevalence (50% and above),Total,69972,69972,58794,84.03,1,1,1,1,84,1,1,1,1,ALB+DEC,6
Africa,Eastern Africa,AFRO,Madagascar,26,MA,MG,MDG,Haute Matsiatra,2874,Haute Matsiatra,0,,Lalangina,27944,ADM3,Lalangina,27944,MDG0287427944,2014,Not reported,PreSAC,0,0,0,0.0,0,0,0,0,0,0,0,0,0,Not delivered,999
Africa,Eastern Africa,AFRO,Madagascar,26,MA,MG,MDG,Haute Matsiatra,2874,Haute Matsiatra,0,,Lalangina,27944,ADM3,Lalangina,27944,MDG0287427944,2014,Not reported,SAC,0,0,0,0.0,0,0,0,0,0,0,0,0,0,Not delivered,999
Africa,Eastern Africa,AFRO,Madagascar,26,MA,MG,MDG,Haute Matsiatra,2874,Haute Matsiatra,0,,Lalangina,27944,ADM3,Lalangina,27944,MDG0287427944,2014,Not reported,Total,0,0,0,0.0,0,0,0,0,0,0,0,0,0,Not delivered,999
Africa,Eastern Africa,AFRO,Madagascar,26,MA,MG,MDG,Haute Matsiatra,2874,Haute Matsiatra,0,,Vohibato,27945,ADM3,Vohibato,27945,MDG0287427945,2014,Not reported,PreSAC,0,0,0,0.0,0,0,0,0,0,0,0,0,0,Not delivered,999
Africa,Eastern Africa,AFRO,Madagascar,26,MA,MG,MDG,Haute Matsiatra,2874,Haute Matsiatra,0,,Vohibato,27945,ADM3,Vohibato,27945,MDG0287427945,2014,Not reported,SAC,0,0,0,0.0,0,0,0,0,0,0,0,0,0,Not delivered,999
Africa,Eastern Africa,AFRO,Madagascar,26,MA,MG,MDG,Haute Matsiatra,2874,Haute Matsiatra,0,,Vohibato,27945,ADM3,Vohibato,27945,MDG0287427945,2014,Not reported,Total,0,0,0,0.0,0,0,0,0,0,0,0,0,0,Not delivered,999
Africa,Eastern Africa,AFRO,Madagascar,26,MA,MG,MDG,Vakinankaratra,2881,Vakinankaratra,0,,Mandoto,27946,ADM3,Mandoto,27946,MDG0288127946,2014,Low prevalence (less than 20%),PreSAC,0,0,0,0.0,0,0,0,0,0,0,0,0,0,Not delivered,8
Africa,Eastern Africa,AFRO,Madagascar,26,MA,MG,MDG,Vakinankaratra,2881,Vakinankaratra,0,,Mandoto,27946,ADM3,Mandoto,27946,MDG0288127946,2014,Low prevalence (less than 20%),SAC,0,0,0,0.0,0,0,0,0,0,0,0,0,0,Not delivered,8
Africa,Eastern Africa,AFRO,Madagascar,26,MA,MG,MDG,Vakinankaratra,2881,Vakinankaratra,0,,Mandoto,27946,ADM3,Mandoto,27946,MDG0288127946,2014,Low prevalence (less than 20%),Total,0,0,0,0.0,0,0,0,0,0,0,0,0,0,Not delivered,8
